"filename", "language", "JSON with Comments", "TypeScript", "JSON", "TypeScript JSX", "Markdown", "SCSS", "PostCSS", "HTML", "XML", "comment", "blank", "total"
"c:\Users\User\Documents\GitHub\cinabono-engine\apps\web\index.html", "HTML", 0, 0, 0, 0, 0, 0, 0, 41, 0, 0, 1, 42
"c:\Users\User\Documents\GitHub\cinabono-engine\apps\web\package.json", "JSON", 0, 0, 44, 0, 0, 0, 0, 0, 0, 0, 1, 45
"c:\Users\User\Documents\GitHub\cinabono-engine\apps\web\playground.html", "HTML", 0, 0, 0, 0, 0, 0, 0, 11, 0, 0, 1, 12
"c:\Users\User\Documents\GitHub\cinabono-engine\apps\web\src\TODO.md", "Markdown", 0, 0, 0, 0, 10, 0, 0, 0, 0, 0, 7, 17
"c:\Users\User\Documents\GitHub\cinabono-engine\apps\web\src\app\App.tsx", "TypeScript JSX", 0, 0, 0, 16, 0, 0, 0, 0, 0, 0, 3, 19
"c:\Users\User\Documents\GitHub\cinabono-engine\apps\web\src\app\providers\AppProvider.tsx", "TypeScript JSX", 0, 0, 0, 30, 0, 0, 0, 0, 0, 0, 7, 37
"c:\Users\User\Documents\GitHub\cinabono-engine\apps\web\src\entities\model\Scope\CircuitService\createCircuitService.ts", "TypeScript", 0, 17, 0, 0, 0, 0, 0, 0, 0, 0, 7, 24
"c:\Users\User\Documents\GitHub\cinabono-engine\apps\web\src\entities\model\Scope\CircuitService\index.ts", "TypeScript", 0, 2, 0, 0, 0, 0, 0, 0, 0, 0, 1, 3
"c:\Users\User\Documents\GitHub\cinabono-engine\apps\web\src\entities\model\Scope\CircuitService\types.ts", "TypeScript", 0, 6, 0, 0, 0, 0, 0, 0, 0, 0, 3, 9
"c:\Users\User\Documents\GitHub\cinabono-engine\apps\web\src\entities\model\Scope\ScopeManager.ts", "TypeScript", 0, 106, 0, 0, 0, 0, 0, 0, 0, 182, 70, 358
"c:\Users\User\Documents\GitHub\cinabono-engine\apps\web\src\entities\model\Scope\ScopeProvider.tsx", "TypeScript JSX", 0, 0, 0, 42, 0, 0, 0, 0, 0, 0, 9, 51
"c:\Users\User\Documents\GitHub\cinabono-engine\apps\web\src\entities\model\Scope\TabService\createTabService.ts", "TypeScript", 0, 42, 0, 0, 0, 0, 0, 0, 0, 0, 17, 59
"c:\Users\User\Documents\GitHub\cinabono-engine\apps\web\src\entities\model\Scope\TabService\index.ts", "TypeScript", 0, 2, 0, 0, 0, 0, 0, 0, 0, 0, 1, 3
"c:\Users\User\Documents\GitHub\cinabono-engine\apps\web\src\entities\model\Scope\TabService\types.ts", "TypeScript", 0, 3, 0, 0, 0, 0, 0, 0, 0, 0, 3, 6
"c:\Users\User\Documents\GitHub\cinabono-engine\apps\web\src\entities\model\Scope\guards.ts", "TypeScript", 0, 9, 0, 0, 0, 0, 0, 0, 0, 0, 3, 12
"c:\Users\User\Documents\GitHub\cinabono-engine\apps\web\src\entities\model\Scope\types.ts", "TypeScript", 0, 29, 0, 0, 0, 0, 0, 0, 0, 0, 8, 37
"c:\Users\User\Documents\GitHub\cinabono-engine\apps\web\src\entities\model\Scope\utils.ts", "TypeScript", 0, 7, 0, 0, 0, 0, 0, 0, 0, 0, 4, 11
"c:\Users\User\Documents\GitHub\cinabono-engine\apps\web\src\features\nodes\useAddBaseLogic.ts", "TypeScript", 0, 33, 0, 0, 0, 0, 0, 0, 0, 0, 8, 41
"c:\Users\User\Documents\GitHub\cinabono-engine\apps\web\src\features\tabs\useCloseTab.ts", "TypeScript", 0, 38, 0, 0, 0, 0, 0, 0, 0, 3, 15, 56
"c:\Users\User\Documents\GitHub\cinabono-engine\apps\web\src\features\tabs\useOpenTab.ts", "TypeScript", 0, 46, 0, 0, 0, 0, 0, 0, 0, 0, 14, 60
"c:\Users\User\Documents\GitHub\cinabono-engine\apps\web\src\features\tabs\useUpdateTabTitle.ts", "TypeScript", 0, 7, 0, 0, 0, 0, 0, 0, 0, 2, 4, 13
"c:\Users\User\Documents\GitHub\cinabono-engine\apps\web\src\index.css", "PostCSS", 0, 0, 0, 0, 0, 0, 157, 0, 0, 0, 22, 179
"c:\Users\User\Documents\GitHub\cinabono-engine\apps\web\src\index.tsx", "TypeScript JSX", 0, 0, 0, 13, 0, 0, 0, 0, 0, 0, 4, 17
"c:\Users\User\Documents\GitHub\cinabono-engine\apps\web\src\processes\workspace-sync\bridge.ts", "TypeScript", 0, 150, 0, 0, 0, 0, 0, 0, 0, 0, 37, 187
"c:\Users\User\Documents\GitHub\cinabono-engine\apps\web\src\processes\workspace-sync\index.ts", "TypeScript", 0, 1, 0, 0, 0, 0, 0, 0, 0, 0, 1, 2
"c:\Users\User\Documents\GitHub\cinabono-engine\apps\web\src\shared\assets\IconComponents\ArrowIcon.tsx", "TypeScript JSX", 0, 0, 0, 27, 0, 0, 0, 0, 0, 2, 6, 35
"c:\Users\User\Documents\GitHub\cinabono-engine\apps\web\src\shared\assets\IconComponents\CrossIcon.tsx", "TypeScript JSX", 0, 0, 0, 19, 0, 0, 0, 0, 0, 0, 4, 23
"c:\Users\User\Documents\GitHub\cinabono-engine\apps\web\src\shared\assets\IconComponents\LogoIcon.tsx", "TypeScript JSX", 0, 0, 0, 20, 0, 0, 0, 0, 0, 0, 4, 24
"c:\Users\User\Documents\GitHub\cinabono-engine\apps\web\src\shared\assets\IconComponents\PlusIcon.tsx", "TypeScript JSX", 0, 0, 0, 17, 0, 0, 0, 0, 0, 0, 3, 20
"c:\Users\User\Documents\GitHub\cinabono-engine\apps\web\src\shared\assets\IconComponents\index.ts", "TypeScript", 0, 4, 0, 0, 0, 0, 0, 0, 0, 0, 1, 5
"c:\Users\User\Documents\GitHub\cinabono-engine\apps\web\src\shared\assets\workspace_tile.svg", "XML", 0, 0, 0, 0, 0, 0, 0, 0, 4, 0, 1, 5
"c:\Users\User\Documents\GitHub\cinabono-engine\apps\web\src\shared\config\config.ts", "TypeScript", 0, 4, 0, 0, 0, 0, 0, 0, 0, 0, 2, 6
"c:\Users\User\Documents\GitHub\cinabono-engine\apps\web\src\shared\config\index.ts", "TypeScript", 0, 1, 0, 0, 0, 0, 0, 0, 0, 0, 1, 2
"c:\Users\User\Documents\GitHub\cinabono-engine\apps\web\src\shared\enum.ts", "TypeScript", 0, 6, 0, 0, 0, 0, 0, 0, 0, 0, 1, 7
"c:\Users\User\Documents\GitHub\cinabono-engine\apps\web\src\shared\hooks\usePreventEvent.ts", "TypeScript", 0, 11, 0, 0, 0, 0, 0, 0, 0, 0, 3, 14
"c:\Users\User\Documents\GitHub\cinabono-engine\apps\web\src\shared\hooks\useViewport\bindPointerDrag.ts", "TypeScript", 0, 49, 0, 0, 0, 0, 0, 0, 0, 0, 17, 66
"c:\Users\User\Documents\GitHub\cinabono-engine\apps\web\src\shared\hooks\useViewport\bindWheelZoom.ts", "TypeScript", 0, 16, 0, 0, 0, 0, 0, 0, 0, 0, 5, 21
"c:\Users\User\Documents\GitHub\cinabono-engine\apps\web\src\shared\hooks\useViewport\index.ts", "TypeScript", 0, 2, 0, 0, 0, 0, 0, 0, 0, 0, 1, 3
"c:\Users\User\Documents\GitHub\cinabono-engine\apps\web\src\shared\hooks\useViewport\useDraggable.ts", "TypeScript", 0, 84, 0, 0, 0, 0, 0, 0, 0, 0, 19, 103
"c:\Users\User\Documents\GitHub\cinabono-engine\apps\web\src\shared\hooks\useViewport\useViewport.ts", "TypeScript", 0, 90, 0, 0, 0, 0, 0, 0, 0, 0, 14, 104
"c:\Users\User\Documents\GitHub\cinabono-engine\apps\web\src\shared\hooks\useViewport\useViewportBinding.ts", "TypeScript", 0, 25, 0, 0, 0, 0, 0, 0, 0, 0, 4, 29
"c:\Users\User\Documents\GitHub\cinabono-engine\apps\web\src\shared\hooks\useViewport\useZoomable.ts", "TypeScript", 0, 44, 0, 0, 0, 0, 0, 0, 0, 0, 9, 53
"c:\Users\User\Documents\GitHub\cinabono-engine\apps\web\src\shared\infrastructure\LogicEngine\EngineProvider.tsx", "TypeScript JSX", 0, 0, 0, 19, 0, 0, 0, 0, 0, 0, 5, 24
"c:\Users\User\Documents\GitHub\cinabono-engine\apps\web\src\shared\infrastructure\LogicEngine\applyEngineEvents.ts", "TypeScript", 0, 63, 0, 0, 0, 0, 0, 0, 0, 0, 12, 75
"c:\Users\User\Documents\GitHub\cinabono-engine\apps\web\src\shared\infrastructure\LogicEngine\client.ts", "TypeScript", 0, 9, 0, 0, 0, 0, 0, 0, 0, 0, 2, 11
"c:\Users\User\Documents\GitHub\cinabono-engine\apps\web\src\shared\infrastructure\LogicEngine\index.ts", "TypeScript", 0, 2, 0, 0, 0, 0, 0, 0, 0, 0, 1, 3
"c:\Users\User\Documents\GitHub\cinabono-engine\apps\web\src\shared\infrastructure\LogicEngine\worker.ts", "TypeScript", 0, 9, 0, 0, 0, 0, 0, 0, 0, 0, 3, 12
"c:\Users\User\Documents\GitHub\cinabono-engine\apps\web\src\shared\infrastructure\index.ts", "TypeScript", 0, 2, 0, 0, 0, 0, 0, 0, 0, 0, 1, 3
"c:\Users\User\Documents\GitHub\cinabono-engine\apps\web\src\shared\infrastructure\ui-engine\graph-options\connecting\createConnectingConfig.ts", "TypeScript", 0, 60, 0, 0, 0, 0, 0, 0, 0, 0, 9, 69
"c:\Users\User\Documents\GitHub\cinabono-engine\apps\web\src\shared\infrastructure\ui-engine\graph-options\connecting\index.ts", "TypeScript", 0, 1, 0, 0, 0, 0, 0, 0, 0, 0, 1, 2
"c:\Users\User\Documents\GitHub\cinabono-engine\apps\web\src\shared\infrastructure\ui-engine\graph-options\graphOptions.ts", "TypeScript", 0, 36, 0, 0, 0, 0, 0, 0, 0, 0, 3, 39
"c:\Users\User\Documents\GitHub\cinabono-engine\apps\web\src\shared\infrastructure\ui-engine\graph-options\index.ts", "TypeScript", 0, 2, 0, 0, 0, 0, 0, 0, 0, 0, 1, 3
"c:\Users\User\Documents\GitHub\cinabono-engine\apps\web\src\shared\infrastructure\ui-engine\index.ts", "TypeScript", 0, 1, 0, 0, 0, 0, 0, 0, 0, 0, 1, 2
"c:\Users\User\Documents\GitHub\cinabono-engine\apps\web\src\shared\infrastructure\ui-engine\lib\connecting\hasIncomingOnPort.ts", "TypeScript", 0, 14, 0, 0, 0, 0, 0, 0, 0, 0, 2, 16
"c:\Users\User\Documents\GitHub\cinabono-engine\apps\web\src\shared\infrastructure\ui-engine\lib\connecting\index.ts", "TypeScript", 0, 5, 0, 0, 0, 0, 0, 0, 0, 0, 1, 6
"c:\Users\User\Documents\GitHub\cinabono-engine\apps\web\src\shared\infrastructure\ui-engine\lib\connecting\isValidEdgeEndpoints.ts", "TypeScript", 0, 17, 0, 0, 0, 0, 0, 0, 0, 0, 4, 21
"c:\Users\User\Documents\GitHub\cinabono-engine\apps\web\src\shared\infrastructure\ui-engine\lib\connecting\mkEdge.ts", "TypeScript", 0, 13, 0, 0, 0, 0, 0, 0, 0, 0, 2, 15
"c:\Users\User\Documents\GitHub\cinabono-engine\apps\web\src\shared\infrastructure\ui-engine\lib\connecting\normalizeConnection.ts", "TypeScript", 0, 30, 0, 0, 0, 0, 0, 0, 0, 10, 8, 48
"c:\Users\User\Documents\GitHub\cinabono-engine\apps\web\src\shared\infrastructure\ui-engine\lib\connecting\resolveRouterName.ts", "TypeScript", 0, 10, 0, 0, 0, 0, 0, 0, 0, 0, 2, 12
"c:\Users\User\Documents\GitHub\cinabono-engine\apps\web\src\shared\infrastructure\ui-engine\lib\index.ts", "TypeScript", 0, 3, 0, 0, 0, 0, 0, 0, 0, 0, 1, 4
"c:\Users\User\Documents\GitHub\cinabono-engine\apps\web\src\shared\infrastructure\ui-engine\lib\logic-values\get-value.ts", "TypeScript", 0, 10, 0, 0, 0, 0, 0, 0, 0, 0, 3, 13
"c:\Users\User\Documents\GitHub\cinabono-engine\apps\web\src\shared\infrastructure\ui-engine\lib\logic-values\index.ts", "TypeScript", 0, 4, 0, 0, 0, 0, 0, 0, 0, 0, 1, 5
"c:\Users\User\Documents\GitHub\cinabono-engine\apps\web\src\shared\infrastructure\ui-engine\lib\logic-values\remove-value.ts", "TypeScript", 0, 10, 0, 0, 0, 0, 0, 0, 0, 0, 2, 12
"c:\Users\User\Documents\GitHub\cinabono-engine\apps\web\src\shared\infrastructure\ui-engine\lib\logic-values\set-value.ts", "TypeScript", 0, 13, 0, 0, 0, 0, 0, 0, 0, 0, 3, 16
"c:\Users\User\Documents\GitHub\cinabono-engine\apps\web\src\shared\infrastructure\ui-engine\lib\logic-values\value-encoding.ts", "TypeScript", 0, 10, 0, 0, 0, 0, 0, 0, 0, 0, 3, 13
"c:\Users\User\Documents\GitHub\cinabono-engine\apps\web\src\shared\infrastructure\ui-engine\lib\ports\buildPortClass.ts", "TypeScript", 0, 5, 0, 0, 0, 0, 0, 0, 0, 0, 2, 7
"c:\Users\User\Documents\GitHub\cinabono-engine\apps\web\src\shared\infrastructure\ui-engine\lib\ports\decode-encode.ts", "TypeScript", 0, 19, 0, 0, 0, 0, 0, 0, 0, 0, 5, 24
"c:\Users\User\Documents\GitHub\cinabono-engine\apps\web\src\shared\infrastructure\ui-engine\lib\ports\getPortKind.ts", "TypeScript", 0, 9, 0, 0, 0, 0, 0, 0, 0, 0, 2, 11
"c:\Users\User\Documents\GitHub\cinabono-engine\apps\web\src\shared\infrastructure\ui-engine\lib\ports\index.ts", "TypeScript", 0, 4, 0, 0, 0, 0, 0, 0, 0, 0, 1, 5
"c:\Users\User\Documents\GitHub\cinabono-engine\apps\web\src\shared\infrastructure\ui-engine\lib\ports\isPortMagnet.ts", "TypeScript", 0, 2, 0, 0, 0, 0, 0, 0, 0, 0, 1, 3
"c:\Users\User\Documents\GitHub\cinabono-engine\apps\web\src\shared\infrastructure\ui-engine\model\constants.ts", "TypeScript", 0, 16, 0, 0, 0, 0, 0, 0, 0, 0, 6, 22
"c:\Users\User\Documents\GitHub\cinabono-engine\apps\web\src\shared\infrastructure\ui-engine\model\index.ts", "TypeScript", 0, 3, 0, 0, 0, 0, 0, 0, 0, 0, 1, 4
"c:\Users\User\Documents\GitHub\cinabono-engine\apps\web\src\shared\infrastructure\ui-engine\model\nodes-spec\base.ts", "TypeScript", 0, 44, 0, 0, 0, 0, 0, 0, 0, 0, 4, 48
"c:\Users\User\Documents\GitHub\cinabono-engine\apps\web\src\shared\infrastructure\ui-engine\model\nodes-spec\index.ts", "TypeScript", 0, 3, 0, 0, 0, 0, 0, 0, 0, 0, 1, 4
"c:\Users\User\Documents\GitHub\cinabono-engine\apps\web\src\shared\infrastructure\ui-engine\model\nodes-spec\logic\and.ts", "TypeScript", 0, 25, 0, 0, 0, 0, 0, 0, 0, 0, 2, 27
"c:\Users\User\Documents\GitHub\cinabono-engine\apps\web\src\shared\infrastructure\ui-engine\model\nodes-spec\logic\buffer.ts", "TypeScript", 0, 15, 0, 0, 0, 0, 0, 0, 0, 0, 2, 17
"c:\Users\User\Documents\GitHub\cinabono-engine\apps\web\src\shared\infrastructure\ui-engine\model\nodes-spec\logic\index.ts", "TypeScript", 0, 23, 0, 0, 0, 0, 0, 0, 0, 0, 4, 27
"c:\Users\User\Documents\GitHub\cinabono-engine\apps\web\src\shared\infrastructure\ui-engine\model\nodes-spec\logic\nand.ts", "TypeScript", 0, 26, 0, 0, 0, 0, 0, 0, 0, 0, 2, 28
"c:\Users\User\Documents\GitHub\cinabono-engine\apps\web\src\shared\infrastructure\ui-engine\model\nodes-spec\logic\nor.ts", "TypeScript", 0, 24, 0, 0, 0, 0, 0, 0, 0, 0, 2, 26
"c:\Users\User\Documents\GitHub\cinabono-engine\apps\web\src\shared\infrastructure\ui-engine\model\nodes-spec\logic\not.ts", "TypeScript", 0, 17, 0, 0, 0, 0, 0, 0, 0, 0, 2, 19
"c:\Users\User\Documents\GitHub\cinabono-engine\apps\web\src\shared\infrastructure\ui-engine\model\nodes-spec\logic\or.ts", "TypeScript", 0, 24, 0, 0, 0, 0, 0, 0, 0, 0, 2, 26
"c:\Users\User\Documents\GitHub\cinabono-engine\apps\web\src\shared\infrastructure\ui-engine\model\nodes-spec\logic\xnor.ts", "TypeScript", 0, 28, 0, 0, 0, 0, 0, 0, 0, 0, 2, 30
"c:\Users\User\Documents\GitHub\cinabono-engine\apps\web\src\shared\infrastructure\ui-engine\model\nodes-spec\logic\xor.ts", "TypeScript", 0, 28, 0, 0, 0, 0, 0, 0, 0, 0, 2, 30
"c:\Users\User\Documents\GitHub\cinabono-engine\apps\web\src\shared\infrastructure\ui-engine\model\nodes-spec\types.ts", "TypeScript", 0, 9, 0, 0, 0, 0, 0, 0, 0, 0, 2, 11
"c:\Users\User\Documents\GitHub\cinabono-engine\apps\web\src\shared\infrastructure\ui-engine\model\types.ts", "TypeScript", 0, 24, 0, 0, 0, 0, 0, 0, 0, 0, 9, 33
"c:\Users\User\Documents\GitHub\cinabono-engine\apps\web\src\shared\infrastructure\ui-engine\plugins\behavior\bringToFront.ts", "TypeScript", 0, 18, 0, 0, 0, 0, 0, 0, 0, 1, 4, 23
"c:\Users\User\Documents\GitHub\cinabono-engine\apps\web\src\shared\infrastructure\ui-engine\plugins\behavior\index.ts", "TypeScript", 0, 1, 0, 0, 0, 0, 0, 0, 0, 0, 1, 2
"c:\Users\User\Documents\GitHub\cinabono-engine\apps\web\src\shared\infrastructure\ui-engine\plugins\index.ts", "TypeScript", 0, 8, 0, 0, 0, 0, 0, 0, 0, 0, 2, 10
"c:\Users\User\Documents\GitHub\cinabono-engine\apps\web\src\shared\infrastructure\ui-engine\plugins\tools\_edgeSignals.ts", "TypeScript", 0, 0, 0, 0, 0, 0, 0, 0, 0, 17, 4, 21
"c:\Users\User\Documents\GitHub\cinabono-engine\apps\web\src\shared\infrastructure\ui-engine\plugins\tools\edgeEditTools.ts", "TypeScript", 0, 113, 0, 0, 0, 0, 0, 0, 0, 1, 19, 133
"c:\Users\User\Documents\GitHub\cinabono-engine\apps\web\src\shared\infrastructure\ui-engine\plugins\tools\edgeLifecycleCachePlugin.ts", "TypeScript", 0, 16, 0, 0, 0, 0, 0, 0, 0, 1, 4, 21
"c:\Users\User\Documents\GitHub\cinabono-engine\apps\web\src\shared\infrastructure\ui-engine\plugins\tools\index.ts", "TypeScript", 0, 3, 0, 0, 0, 0, 0, 0, 0, 0, 1, 4
"c:\Users\User\Documents\GitHub\cinabono-engine\apps\web\src\shared\infrastructure\ui-engine\plugins\tools\selection.ts", "TypeScript", 0, 30, 0, 0, 0, 0, 0, 0, 0, 0, 3, 33
"c:\Users\User\Documents\GitHub\cinabono-engine\apps\web\src\shared\infrastructure\ui-engine\presets-registry\index.ts", "TypeScript", 0, 6, 0, 0, 0, 0, 0, 0, 0, 0, 2, 8
"c:\Users\User\Documents\GitHub\cinabono-engine\apps\web\src\shared\infrastructure\ui-engine\presets-registry\registerNodes.ts", "TypeScript", 0, 25, 0, 0, 0, 0, 0, 0, 0, 0, 3, 28
"c:\Users\User\Documents\GitHub\cinabono-engine\apps\web\src\shared\infrastructure\ui-engine\presets-registry\registerPortLayouts.ts", "TypeScript", 0, 30, 0, 0, 0, 0, 0, 0, 0, 0, 7, 37
"c:\Users\User\Documents\GitHub\cinabono-engine\apps\web\src\shared\infrastructure\ui-engine\public\UIEngineProvider.tsx", "TypeScript JSX", 0, 0, 0, 44, 0, 0, 0, 0, 0, 0, 11, 55
"c:\Users\User\Documents\GitHub\cinabono-engine\apps\web\src\shared\infrastructure\ui-engine\public\createUIEngine.ts", "TypeScript", 0, 27, 0, 0, 0, 0, 0, 0, 0, 0, 7, 34
"c:\Users\User\Documents\GitHub\cinabono-engine\apps\web\src\shared\infrastructure\ui-engine\public\index.ts", "TypeScript", 0, 2, 0, 0, 0, 0, 0, 0, 0, 0, 1, 3
"c:\Users\User\Documents\GitHub\cinabono-engine\apps\web\src\shared\infrastructure\ui-engine\services\edges\_bindings.ts", "TypeScript", 0, 0, 0, 0, 0, 0, 0, 0, 0, 32, 3, 35
"c:\Users\User\Documents\GitHub\cinabono-engine\apps\web\src\shared\infrastructure\ui-engine\services\edges\_signals.ts", "TypeScript", 0, 0, 0, 0, 0, 0, 0, 0, 0, 34, 4, 38
"c:\Users\User\Documents\GitHub\cinabono-engine\apps\web\src\shared\infrastructure\ui-engine\services\edges\api.ts", "TypeScript", 0, 13, 0, 0, 0, 0, 0, 0, 0, 7, 5, 25
"c:\Users\User\Documents\GitHub\cinabono-engine\apps\web\src\shared\infrastructure\ui-engine\services\edges\index.ts", "TypeScript", 0, 1, 0, 0, 0, 0, 0, 0, 0, 0, 1, 2
"c:\Users\User\Documents\GitHub\cinabono-engine\apps\web\src\shared\infrastructure\ui-engine\services\index.ts", "TypeScript", 0, 13, 0, 0, 0, 0, 0, 0, 0, 0, 3, 16
"c:\Users\User\Documents\GitHub\cinabono-engine\apps\web\src\shared\infrastructure\ui-engine\services\nodes\api.ts", "TypeScript", 0, 35, 0, 0, 0, 0, 0, 0, 0, 0, 9, 44
"c:\Users\User\Documents\GitHub\cinabono-engine\apps\web\src\shared\infrastructure\ui-engine\services\nodes\index.ts", "TypeScript", 0, 1, 0, 0, 0, 0, 0, 0, 0, 0, 1, 2
"c:\Users\User\Documents\GitHub\cinabono-engine\apps\web\src\shared\infrastructure\ui-engine\services\nodes\lib\calcNodeSize.ts", "TypeScript", 0, 22, 0, 0, 0, 0, 0, 0, 0, 0, 5, 27
"c:\Users\User\Documents\GitHub\cinabono-engine\apps\web\src\shared\infrastructure\ui-engine\services\nodes\lib\propsBuilder.ts", "TypeScript", 0, 72, 0, 0, 0, 0, 0, 0, 0, 0, 8, 80
"c:\Users\User\Documents\GitHub\cinabono-engine\apps\web\src\shared\infrastructure\ui-engine\services\ports\api.ts", "TypeScript", 0, 133, 0, 0, 0, 0, 0, 0, 0, 1, 20, 154
"c:\Users\User\Documents\GitHub\cinabono-engine\apps\web\src\shared\infrastructure\ui-engine\services\ports\index.ts", "TypeScript", 0, 1, 0, 0, 0, 0, 0, 0, 0, 0, 1, 2
"c:\Users\User\Documents\GitHub\cinabono-engine\apps\web\src\shared\infrastructure\ui-engine\services\snapshot\api.ts", "TypeScript", 0, 19, 0, 0, 0, 0, 0, 0, 0, 0, 5, 24
"c:\Users\User\Documents\GitHub\cinabono-engine\apps\web\src\shared\infrastructure\ui-engine\services\snapshot\index.ts", "TypeScript", 0, 1, 0, 0, 0, 0, 0, 0, 0, 0, 1, 2
"c:\Users\User\Documents\GitHub\cinabono-engine\apps\web\src\shared\infrastructure\ui-engine\services\snapshot\lib.ts", "TypeScript", 0, 46, 0, 0, 0, 0, 0, 0, 0, 0, 11, 57
"c:\Users\User\Documents\GitHub\cinabono-engine\apps\web\src\shared\lib\DOM.ts", "TypeScript", 0, 10, 0, 0, 0, 0, 0, 0, 0, 0, 2, 12
"c:\Users\User\Documents\GitHub\cinabono-engine\apps\web\src\shared\lib\array.ts", "TypeScript", 0, 11, 0, 0, 0, 0, 0, 0, 0, 0, 3, 14
"c:\Users\User\Documents\GitHub\cinabono-engine\apps\web\src\shared\lib\canZoom.ts", "TypeScript", 0, 7, 0, 0, 0, 0, 0, 0, 0, 6, 2, 15
"c:\Users\User\Documents\GitHub\cinabono-engine\apps\web\src\shared\lib\directionToDegrees.ts", "TypeScript", 0, 9, 0, 0, 0, 0, 0, 0, 0, 0, 2, 11
"c:\Users\User\Documents\GitHub\cinabono-engine\apps\web\src\shared\lib\guards.ts", "TypeScript", 0, 2, 0, 0, 0, 0, 0, 0, 0, 0, 1, 3
"c:\Users\User\Documents\GitHub\cinabono-engine\apps\web\src\shared\lib\logic-values.ts", "TypeScript", 0, 19, 0, 0, 0, 0, 0, 0, 0, 0, 5, 24
"c:\Users\User\Documents\GitHub\cinabono-engine\apps\web\src\shared\lib\math.ts", "TypeScript", 0, 25, 0, 0, 0, 0, 0, 0, 0, 0, 6, 31
"c:\Users\User\Documents\GitHub\cinabono-engine\apps\web\src\shared\lib\path.ts", "TypeScript", 0, 6, 0, 0, 0, 0, 0, 0, 0, 0, 2, 8
"c:\Users\User\Documents\GitHub\cinabono-engine\apps\web\src\shared\lib\whatButtonClicked.ts", "TypeScript", 0, 20, 0, 0, 0, 0, 0, 0, 0, 0, 7, 27
"c:\Users\User\Documents\GitHub\cinabono-engine\apps\web\src\shared\types.ts", "TypeScript", 0, 10, 0, 0, 0, 0, 0, 0, 0, 0, 5, 15
"c:\Users\User\Documents\GitHub\cinabono-engine\apps\web\src\shared\ui\AutoWidthInput.tsx", "TypeScript JSX", 0, 0, 0, 53, 0, 0, 0, 0, 0, 2, 9, 64
"c:\Users\User\Documents\GitHub\cinabono-engine\apps\web\src\shared\ui\Container\ContainerBoundary.tsx", "TypeScript JSX", 0, 0, 0, 9, 0, 0, 0, 0, 0, 0, 3, 12
"c:\Users\User\Documents\GitHub\cinabono-engine\apps\web\src\shared\ui\Container\ContainerContext.tsx", "TypeScript JSX", 0, 0, 0, 23, 0, 0, 0, 0, 0, 0, 3, 26
"c:\Users\User\Documents\GitHub\cinabono-engine\apps\web\src\shared\ui\ContextMenu\styles.ts", "TypeScript", 0, 37, 0, 0, 0, 0, 0, 0, 0, 0, 8, 45
"c:\Users\User\Documents\GitHub\cinabono-engine\apps\web\src\shared\ui\EditableText.tsx", "TypeScript JSX", 0, 0, 0, 55, 0, 0, 0, 0, 0, 0, 13, 68
"c:\Users\User\Documents\GitHub\cinabono-engine\apps\web\src\shared\ui\ListScroller\Container.tsx", "TypeScript JSX", 0, 0, 0, 7, 0, 0, 0, 0, 0, 0, 3, 10
"c:\Users\User\Documents\GitHub\cinabono-engine\apps\web\src\shared\ui\ListScroller\List.tsx", "TypeScript JSX", 0, 0, 0, 10, 0, 0, 0, 0, 0, 0, 3, 13
"c:\Users\User\Documents\GitHub\cinabono-engine\apps\web\src\shared\ui\ListScroller\ListScroller.tsx", "TypeScript JSX", 0, 0, 0, 20, 0, 0, 0, 0, 0, 0, 4, 24
"c:\Users\User\Documents\GitHub\cinabono-engine\apps\web\src\shared\ui\ListScroller\Root.tsx", "TypeScript JSX", 0, 0, 0, 108, 0, 0, 0, 0, 0, 0, 27, 135
"c:\Users\User\Documents\GitHub\cinabono-engine\apps\web\src\shared\ui\ListScroller\Trigger.tsx", "TypeScript JSX", 0, 0, 0, 19, 0, 0, 0, 0, 0, 0, 4, 23
"c:\Users\User\Documents\GitHub\cinabono-engine\apps\web\src\shared\ui\ListScroller\context.ts", "TypeScript", 0, 15, 0, 0, 0, 0, 0, 0, 0, 0, 5, 20
"c:\Users\User\Documents\GitHub\cinabono-engine\apps\web\src\shared\ui\ListScroller\types.ts", "TypeScript", 0, 30, 0, 0, 0, 0, 0, 0, 0, 0, 7, 37
"c:\Users\User\Documents\GitHub\cinabono-engine\apps\web\src\shared\ui\Pusher.tsx", "TypeScript JSX", 0, 0, 0, 35, 0, 0, 0, 0, 0, 0, 6, 41
"c:\Users\User\Documents\GitHub\cinabono-engine\apps\web\src\shared\ui\RemoveButton.tsx", "TypeScript JSX", 0, 0, 0, 26, 0, 0, 0, 0, 0, 0, 4, 30
"c:\Users\User\Documents\GitHub\cinabono-engine\apps\web\src\shared\ui\ScrollButton.tsx", "TypeScript JSX", 0, 0, 0, 23, 0, 0, 0, 0, 0, 0, 4, 27
"c:\Users\User\Documents\GitHub\cinabono-engine\apps\web\src\shared\ui\ScrollContainer.tsx", "TypeScript JSX", 0, 0, 0, 11, 0, 0, 0, 0, 0, 0, 4, 15
"c:\Users\User\Documents\GitHub\cinabono-engine\apps\web\src\shared\ui\Toggler.tsx", "TypeScript JSX", 0, 0, 0, 38, 0, 0, 0, 0, 0, 0, 7, 45
"c:\Users\User\Documents\GitHub\cinabono-engine\apps\web\src\shared\ui\index.ts", "TypeScript", 0, 7, 0, 0, 0, 0, 0, 0, 0, 0, 1, 8
"c:\Users\User\Documents\GitHub\cinabono-engine\apps\web\src\shared\ui\styles\index.ts", "TypeScript", 0, 1, 0, 0, 0, 0, 0, 0, 0, 0, 1, 2
"c:\Users\User\Documents\GitHub\cinabono-engine\apps\web\src\shared\ui\styles\x6.scss", "SCSS", 0, 0, 0, 0, 0, 120, 0, 0, 0, 0, 28, 148
"c:\Users\User\Documents\GitHub\cinabono-engine\apps\web\src\vite-env.d.ts", "TypeScript", 0, 0, 0, 0, 0, 0, 0, 0, 0, 2, 1, 3
"c:\Users\User\Documents\GitHub\cinabono-engine\apps\web\src\widgets\TabBar\index.ts", "TypeScript", 0, 1, 0, 0, 0, 0, 0, 0, 0, 0, 1, 2
"c:\Users\User\Documents\GitHub\cinabono-engine\apps\web\src\widgets\TabBar\ui\LogoButton.tsx", "TypeScript JSX", 0, 0, 0, 16, 0, 0, 0, 0, 0, 0, 2, 18
"c:\Users\User\Documents\GitHub\cinabono-engine\apps\web\src\widgets\TabBar\ui\TabAdder.tsx", "TypeScript JSX", 0, 0, 0, 24, 0, 0, 0, 0, 0, 0, 4, 28
"c:\Users\User\Documents\GitHub\cinabono-engine\apps\web\src\widgets\TabBar\ui\TabBar.tsx", "TypeScript JSX", 0, 0, 0, 40, 0, 0, 0, 0, 0, 0, 6, 46
"c:\Users\User\Documents\GitHub\cinabono-engine\apps\web\src\widgets\TabBar\ui\TabButton\Tab.tsx", "TypeScript JSX", 0, 0, 0, 39, 0, 0, 0, 0, 0, 0, 4, 43
"c:\Users\User\Documents\GitHub\cinabono-engine\apps\web\src\widgets\TabBar\ui\TabButton\TabClose.tsx", "TypeScript JSX", 0, 0, 0, 23, 0, 0, 0, 0, 0, 0, 5, 28
"c:\Users\User\Documents\GitHub\cinabono-engine\apps\web\src\widgets\TabBar\ui\TabButton\TabProvider.tsx", "TypeScript JSX", 0, 0, 0, 41, 0, 0, 0, 0, 0, 0, 10, 51
"c:\Users\User\Documents\GitHub\cinabono-engine\apps\web\src\widgets\TabBar\ui\TabButton\TabTitleInput.tsx", "TypeScript JSX", 0, 0, 0, 18, 0, 0, 0, 0, 0, 0, 4, 22
"c:\Users\User\Documents\GitHub\cinabono-engine\apps\web\src\widgets\TabBar\ui\TabButton\index.ts", "TypeScript", 0, 2, 0, 0, 0, 0, 0, 0, 0, 0, 1, 3
"c:\Users\User\Documents\GitHub\cinabono-engine\apps\web\src\widgets\TabBar\ui\TabContextMenu\TabContextMenu.tsx", "TypeScript JSX", 0, 0, 0, 40, 0, 0, 0, 0, 0, 0, 7, 47
"c:\Users\User\Documents\GitHub\cinabono-engine\apps\web\src\widgets\TabBar\ui\TabContextMenu\index.ts", "TypeScript", 0, 1, 0, 0, 0, 0, 0, 0, 0, 0, 1, 2
"c:\Users\User\Documents\GitHub\cinabono-engine\apps\web\src\widgets\TabBar\ui\TabScroller.tsx", "TypeScript JSX", 0, 0, 0, 33, 0, 0, 0, 0, 0, 0, 2, 35
"c:\Users\User\Documents\GitHub\cinabono-engine\apps\web\src\widgets\TabBar\ui\index.ts", "TypeScript", 0, 1, 0, 0, 0, 0, 0, 0, 0, 0, 1, 2
"c:\Users\User\Documents\GitHub\cinabono-engine\apps\web\src\widgets\TabBar\ui\styles.ts", "TypeScript", 0, 52, 0, 0, 0, 0, 0, 0, 0, 0, 9, 61
"c:\Users\User\Documents\GitHub\cinabono-engine\apps\web\src\widgets\Workspace\index.ts", "TypeScript", 0, 1, 0, 0, 0, 0, 0, 0, 0, 0, 1, 2
"c:\Users\User\Documents\GitHub\cinabono-engine\apps\web\src\widgets\Workspace\ui\Workspace.tsx", "TypeScript JSX", 0, 0, 0, 209, 0, 0, 0, 0, 0, 2, 28, 239
"c:\Users\User\Documents\GitHub\cinabono-engine\apps\web\src\widgets\Workspace\ui\WorkspaceToolbar.tsx", "TypeScript JSX", 0, 0, 0, 70, 0, 0, 0, 0, 0, 0, 3, 73
"c:\Users\User\Documents\GitHub\cinabono-engine\apps\web\src\widgets\Workspace\ui\index.ts", "TypeScript", 0, 1, 0, 0, 0, 0, 0, 0, 0, 0, 1, 2
"c:\Users\User\Documents\GitHub\cinabono-engine\apps\web\tsconfig.json", "JSON with Comments", 16, 0, 0, 0, 0, 0, 0, 0, 0, 0, 1, 17
"c:\Users\User\Documents\GitHub\cinabono-engine\apps\web\vite.config.ts", "TypeScript", 0, 45, 0, 0, 0, 0, 0, 0, 0, 0, 3, 48
"c:\Users\User\Documents\GitHub\cinabono-engine\packages\config\package.json", "JSON", 0, 0, -36, 0, 0, 0, 0, 0, 0, 0, -1, -37
"c:\Users\User\Documents\GitHub\cinabono-engine\packages\config\src\config.ts", "TypeScript", 0, -23, 0, 0, 0, 0, 0, 0, 0, 0, -7, -30
"c:\Users\User\Documents\GitHub\cinabono-engine\packages\config\src\helpers.test.ts", "TypeScript", 0, -12, 0, 0, 0, 0, 0, 0, 0, 0, -5, -17
"c:\Users\User\Documents\GitHub\cinabono-engine\packages\config\src\helpers.ts", "TypeScript", 0, -4, 0, 0, 0, 0, 0, 0, 0, 0, -3, -7
"c:\Users\User\Documents\GitHub\cinabono-engine\packages\config\src\index.ts", "TypeScript", 0, -2, 0, 0, 0, 0, 0, 0, 0, 0, -1, -3
"c:\Users\User\Documents\GitHub\cinabono-engine\packages\config\tsconfig.build.json", "JSON", 0, 0, -11, 0, 0, 0, 0, 0, 0, 0, -1, -12
"c:\Users\User\Documents\GitHub\cinabono-engine\packages\config\tsconfig.json", "JSON with Comments", -11, 0, 0, 0, 0, 0, 0, 0, 0, 0, -1, -12
"c:\Users\User\Documents\GitHub\cinabono-engine\packages\config\vitest.config.ts", "TypeScript", 0, -9, 0, 0, 0, 0, 0, 0, 0, 0, -2, -11
"c:\Users\User\Documents\GitHub\cinabono-engine\packages\di\package.json", "JSON", 0, 0, -34, 0, 0, 0, 0, 0, 0, 0, -1, -35
"c:\Users\User\Documents\GitHub\cinabono-engine\packages\di\src\container.ts", "TypeScript", 0, -58, 0, 0, 0, 0, 0, 0, 0, 0, -20, -78
"c:\Users\User\Documents\GitHub\cinabono-engine\packages\di\src\contracts.ts", "TypeScript", 0, -6, 0, 0, 0, 0, 0, 0, 0, 0, -2, -8
"c:\Users\User\Documents\GitHub\cinabono-engine\packages\di\src\helpers\api.ts", "TypeScript", 0, -7, 0, 0, 0, 0, 0, 0, 0, 0, -3, -10
"c:\Users\User\Documents\GitHub\cinabono-engine\packages\di\src\helpers\bindTokens.ts", "TypeScript", 0, -21, 0, 0, 0, 0, 0, 0, 0, -2, -4, -27
"c:\Users\User\Documents\GitHub\cinabono-engine\packages\di\src\helpers\decorators.ts", "TypeScript", 0, -13, 0, 0, 0, 0, 0, 0, 0, 0, -3, -16
"c:\Users\User\Documents\GitHub\cinabono-engine\packages\di\src\helpers\guards.ts", "TypeScript", 0, -12, 0, 0, 0, 0, 0, 0, 0, 0, -3, -15
"c:\Users\User\Documents\GitHub\cinabono-engine\packages\di\src\helpers\index.ts", "TypeScript", 0, -4, 0, 0, 0, 0, 0, 0, 0, 0, -1, -5
"c:\Users\User\Documents\GitHub\cinabono-engine\packages\di\src\index.ts", "TypeScript", 0, -11, 0, 0, 0, 0, 0, 0, 0, 0, -1, -12
"c:\Users\User\Documents\GitHub\cinabono-engine\packages\di\src\types.ts", "TypeScript", 0, -30, 0, 0, 0, 0, 0, 0, 0, 0, -7, -37
"c:\Users\User\Documents\GitHub\cinabono-engine\packages\di\tsconfig.json", "JSON with Comments", -17, 0, 0, 0, 0, 0, 0, 0, 0, 0, -1, -18
"c:\Users\User\Documents\GitHub\cinabono-engine\packages\engine-worker\package.json", "JSON", 0, 0, -37, 0, 0, 0, 0, 0, 0, 0, -1, -38
"c:\Users\User\Documents\GitHub\cinabono-engine\packages\engine-worker\src\events.ts", "TypeScript", 0, -20, 0, 0, 0, 0, 0, 0, 0, 0, -3, -23
"c:\Users\User\Documents\GitHub\cinabono-engine\packages\engine-worker\src\index.ts", "TypeScript", 0, -4, 0, 0, 0, 0, 0, 0, 0, 0, -2, -6
"c:\Users\User\Documents\GitHub\cinabono-engine\packages\engine-worker\src\patterns.ts", "TypeScript", 0, -11, 0, 0, 0, 0, 0, 0, 0, 0, -3, -14
"c:\Users\User\Documents\GitHub\cinabono-engine\packages\engine-worker\src\types.ts", "TypeScript", 0, -57, 0, 0, 0, 0, 0, 0, 0, -1, -12, -70
"c:\Users\User\Documents\GitHub\cinabono-engine\packages\engine-worker\src\worker-client.ts", "TypeScript", 0, -108, 0, 0, 0, 0, 0, 0, 0, -2, -23, -133
"c:\Users\User\Documents\GitHub\cinabono-engine\packages\engine-worker\src\worker-handler.ts", "TypeScript", 0, -94, 0, 0, 0, 0, 0, 0, 0, 0, -17, -111
"c:\Users\User\Documents\GitHub\cinabono-engine\packages\engine-worker\tsconfig.json", "JSON with Comments", -14, 0, 0, 0, 0, 0, 0, 0, 0, 0, -1, -15
"c:\Users\User\Documents\GitHub\cinabono-engine\packages\engine\package.json", "JSON", 0, 0, -45, 0, 0, 0, 0, 0, 0, 0, -1, -46
"c:\Users\User\Documents\GitHub\cinabono-engine\packages\engine\src\__tests__\PluginPlayground.test.ts", "TypeScript", 0, -16, 0, 0, 0, 0, 0, 0, 0, -1, -3, -20
"c:\Users\User\Documents\GitHub\cinabono-engine\packages\engine\src\__tests__\plugin-examples\extend-api.ts", "TypeScript", 0, -28, 0, 0, 0, 0, 0, 0, 0, -2, -6, -36
"c:\Users\User\Documents\GitHub\cinabono-engine\packages\engine\src\__tests__\plugin-examples\extend-deps.ts", "TypeScript", 0, -20, 0, 0, 0, 0, 0, 0, 0, 0, -4, -24
"c:\Users\User\Documents\GitHub\cinabono-engine\packages\engine\src\__tests__\plugin-examples\new-wrapper.ts", "TypeScript", 0, -7, 0, 0, 0, 0, 0, 0, 0, 0, -2, -9
"c:\Users\User\Documents\GitHub\cinabono-engine\packages\engine\src\__tests__\plugin-examples\set-setup.ts", "TypeScript", 0, -11, 0, 0, 0, 0, 0, 0, 0, -3, -5, -19
"c:\Users\User\Documents\GitHub\cinabono-engine\packages\engine\src\__tests__\rs-trigger.test.ts", "TypeScript", 0, -52, 0, 0, 0, 0, 0, 0, 0, -14, -16, -82
"c:\Users\User\Documents\GitHub\cinabono-engine\packages\engine\src\__tests__\two-buffers.test.ts", "TypeScript", 0, -30, 0, 0, 0, 0, 0, 0, 0, -8, -8, -46
"c:\Users\User\Documents\GitHub\cinabono-engine\packages\engine\src\api\builder\builder.ts", "TypeScript", 0, -9, 0, 0, 0, 0, 0, 0, 0, 0, -3, -12
"c:\Users\User\Documents\GitHub\cinabono-engine\packages\engine\src\api\builder\helpers\buildApiTree.ts", "TypeScript", 0, -57, 0, 0, 0, 0, 0, 0, 0, -3, -14, -74
"c:\Users\User\Documents\GitHub\cinabono-engine\packages\engine\src\api\builder\helpers\buildCtx.ts", "TypeScript", 0, -31, 0, 0, 0, 0, 0, 0, 0, 0, -8, -39
"c:\Users\User\Documents\GitHub\cinabono-engine\packages\engine\src\api\builder\helpers\compose.ts", "TypeScript", 0, -61, 0, 0, 0, 0, 0, 0, 0, -2, -13, -76
"c:\Users\User\Documents\GitHub\cinabono-engine\packages\engine\src\api\builder\helpers\idGen.ts", "TypeScript", 0, -7, 0, 0, 0, 0, 0, 0, 0, -6, -3, -16
"c:\Users\User\Documents\GitHub\cinabono-engine\packages\engine\src\api\builder\helpers\index.ts", "TypeScript", 0, -4, 0, 0, 0, 0, 0, 0, 0, 0, -1, -5
"c:\Users\User\Documents\GitHub\cinabono-engine\packages\engine\src\api\builder\index.ts", "TypeScript", 0, -2, 0, 0, 0, 0, 0, 0, 0, 0, -1, -3
"c:\Users\User\Documents\GitHub\cinabono-engine\packages\engine\src\api\builder\types\contracts.ts", "TypeScript", 0, -7, 0, 0, 0, 0, 0, 0, 0, 0, -3, -10
"c:\Users\User\Documents\GitHub\cinabono-engine\packages\engine\src\api\builder\types\env.ts", "TypeScript", 0, -22, 0, 0, 0, 0, 0, 0, 0, -9, -5, -36
"c:\Users\User\Documents\GitHub\cinabono-engine\packages\engine\src\api\builder\types\index.ts", "TypeScript", 0, -2, 0, 0, 0, 0, 0, 0, 0, 0, -1, -3
"c:\Users\User\Documents\GitHub\cinabono-engine\packages\engine\src\api\configs\configs.ts", "TypeScript", 0, -23, 0, 0, 0, 0, 0, 0, 0, 0, -7, -30
"c:\Users\User\Documents\GitHub\cinabono-engine\packages\engine\src\api\configs\index.ts", "TypeScript", 0, -1, 0, 0, 0, 0, 0, 0, 0, 0, -1, -2
"c:\Users\User\Documents\GitHub\cinabono-engine\packages\engine\src\api\helpers\api-factories.ts", "TypeScript", 0, -24, 0, 0, 0, 0, 0, 0, 0, 0, -4, -28
"c:\Users\User\Documents\GitHub\cinabono-engine\packages\engine\src\api\helpers\guards.ts", "TypeScript", 0, -9, 0, 0, 0, 0, 0, 0, 0, 0, -3, -12
"c:\Users\User\Documents\GitHub\cinabono-engine\packages\engine\src\api\helpers\index.ts", "TypeScript", 0, -2, 0, 0, 0, 0, 0, 0, 0, 0, -1, -3
"c:\Users\User\Documents\GitHub\cinabono-engine\packages\engine\src\api\index.ts", "TypeScript", 0, -6, 0, 0, 0, 0, 0, 0, 0, 0, -3, -9
"c:\Users\User\Documents\GitHub\cinabono-engine\packages\engine\src\api\public.ts", "TypeScript", 0, -3, 0, 0, 0, 0, 0, 0, 0, 0, -1, -4
"c:\Users\User\Documents\GitHub\cinabono-engine\packages\engine\src\api\token-spec\index.ts", "TypeScript", 0, -2, 0, 0, 0, 0, 0, 0, 0, 0, -1, -3
"c:\Users\User\Documents\GitHub\cinabono-engine\packages\engine\src\api\token-spec\spec.ts", "TypeScript", 0, -22, 0, 0, 0, 0, 0, 0, 0, 0, -5, -27
"c:\Users\User\Documents\GitHub\cinabono-engine\packages\engine\src\api\token-spec\types.ts", "TypeScript", 0, -36, 0, 0, 0, 0, 0, 0, 0, 0, -9, -45
"c:\Users\User\Documents\GitHub\cinabono-engine\packages\engine\src\api\types\api-core.ts", "TypeScript", 0, -7, 0, 0, 0, 0, 0, 0, 0, -3, -5, -15
"c:\Users\User\Documents\GitHub\cinabono-engine\packages\engine\src\api\types\ctx.ts", "TypeScript", 0, -26, 0, 0, 0, 0, 0, 0, 0, 0, -8, -34
"c:\Users\User\Documents\GitHub\cinabono-engine\packages\engine\src\api\types\di.ts", "TypeScript", 0, -25, 0, 0, 0, 0, 0, 0, 0, -1, -7, -33
"c:\Users\User\Documents\GitHub\cinabono-engine\packages\engine\src\api\types\index.ts", "TypeScript", 0, -4, 0, 0, 0, 0, 0, 0, 0, 0, -1, -5
"c:\Users\User\Documents\GitHub\cinabono-engine\packages\engine\src\api\types\spec-utils.ts", "TypeScript", 0, -29, 0, 0, 0, 0, 0, 0, 0, 0, -10, -39
"c:\Users\User\Documents\GitHub\cinabono-engine\packages\engine\src\deps\api-factories.ts", "TypeScript", 0, -6, 0, 0, 0, 0, 0, 0, 0, 0, -3, -9
"c:\Users\User\Documents\GitHub\cinabono-engine\packages\engine\src\deps\configs\builders.ts", "TypeScript", 0, -17, 0, 0, 0, 0, 0, 0, 0, 0, -4, -21
"c:\Users\User\Documents\GitHub\cinabono-engine\packages\engine\src\deps\configs\core.ts", "TypeScript", 0, -9, 0, 0, 0, 0, 0, 0, 0, 0, -2, -11
"c:\Users\User\Documents\GitHub\cinabono-engine\packages\engine\src\deps\configs\factories.ts", "TypeScript", 0, -56, 0, 0, 0, 0, 0, 0, 0, 0, -3, -59
"c:\Users\User\Documents\GitHub\cinabono-engine\packages\engine\src\deps\configs\index.ts", "TypeScript", 0, -12, 0, 0, 0, 0, 0, 0, 0, 0, -2, -14
"c:\Users\User\Documents\GitHub\cinabono-engine\packages\engine\src\deps\configs\services.ts", "TypeScript", 0, -9, 0, 0, 0, 0, 0, 0, 0, 0, -2, -11
"c:\Users\User\Documents\GitHub\cinabono-engine\packages\engine\src\deps\configs\stores.ts", "TypeScript", 0, -15, 0, 0, 0, 0, 0, 0, 0, 0, -2, -17
"c:\Users\User\Documents\GitHub\cinabono-engine\packages\engine\src\deps\index.ts", "TypeScript", 0, -4, 0, 0, 0, 0, 0, 0, 0, 0, -1, -5
"c:\Users\User\Documents\GitHub\cinabono-engine\packages\engine\src\deps\public.ts", "TypeScript", 0, -3, 0, 0, 0, 0, 0, 0, 0, 0, -1, -4
"c:\Users\User\Documents\GitHub\cinabono-engine\packages\engine\src\deps\token-spec\index.ts", "TypeScript", 0, -2, 0, 0, 0, 0, 0, 0, 0, 0, -1, -3
"c:\Users\User\Documents\GitHub\cinabono-engine\packages\engine\src\deps\token-spec\spec.ts", "TypeScript", 0, -25, 0, 0, 0, 0, 0, 0, 0, -1, -2, -28
"c:\Users\User\Documents\GitHub\cinabono-engine\packages\engine\src\deps\token-spec\types.ts", "TypeScript", 0, -47, 0, 0, 0, 0, 0, 0, 0, -1, -8, -56
"c:\Users\User\Documents\GitHub\cinabono-engine\packages\engine\src\deps\types\di.ts", "TypeScript", 0, -8, 0, 0, 0, 0, 0, 0, 0, 0, -5, -13
"c:\Users\User\Documents\GitHub\cinabono-engine\packages\engine\src\deps\types\index.ts", "TypeScript", 0, -1, 0, 0, 0, 0, 0, 0, 0, 0, -1, -2
"c:\Users\User\Documents\GitHub\cinabono-engine\packages\engine\src\engine\builder.ts", "TypeScript", 0, -45, 0, 0, 0, 0, 0, 0, 0, -1, -11, -57
"c:\Users\User\Documents\GitHub\cinabono-engine\packages\engine\src\engine\engine.ts", "TypeScript", 0, -31, 0, 0, 0, 0, 0, 0, 0, 0, -7, -38
"c:\Users\User\Documents\GitHub\cinabono-engine\packages\engine\src\engine\helpers\buildApi.ts", "TypeScript", 0, -31, 0, 0, 0, 0, 0, 0, 0, -3, -8, -42
"c:\Users\User\Documents\GitHub\cinabono-engine\packages\engine\src\engine\helpers\buildDeps.ts", "TypeScript", 0, -28, 0, 0, 0, 0, 0, 0, 0, -4, -8, -40
"c:\Users\User\Documents\GitHub\cinabono-engine\packages\engine\src\engine\helpers\index.ts", "TypeScript", 0, -1, 0, 0, 0, 0, 0, 0, 0, 0, -1, -2
"c:\Users\User\Documents\GitHub\cinabono-engine\packages\engine\src\engine\index.ts", "TypeScript", 0, -2, 0, 0, 0, 0, 0, 0, 0, 0, -1, -3
"c:\Users\User\Documents\GitHub\cinabono-engine\packages\engine\src\engine\options.ts", "TypeScript", 0, -4, 0, 0, 0, 0, 0, 0, 0, 0, -2, -6
"c:\Users\User\Documents\GitHub\cinabono-engine\packages\engine\src\errors\errors.ts", "TypeScript", 0, -107, 0, 0, 0, 0, 0, 0, 0, 0, -3, -110
"c:\Users\User\Documents\GitHub\cinabono-engine\packages\engine\src\errors\index.ts", "TypeScript", 0, -1, 0, 0, 0, 0, 0, 0, 0, 0, -1, -2
"c:\Users\User\Documents\GitHub\cinabono-engine\packages\engine\src\errors\types.ts", "TypeScript", 0, -13, 0, 0, 0, 0, 0, 0, 0, 0, -1, -14
"c:\Users\User\Documents\GitHub\cinabono-engine\packages\engine\src\eventBus\engineBus.ts", "TypeScript", 0, -4, 0, 0, 0, 0, 0, 0, 0, 0, -3, -7
"c:\Users\User\Documents\GitHub\cinabono-engine\packages\engine\src\eventBus\events\core\apiEvents.ts", "TypeScript", 0, -10, 0, 0, 0, 0, 0, 0, 0, 0, -3, -13
"c:\Users\User\Documents\GitHub\cinabono-engine\packages\engine\src\eventBus\events\core\index.ts", "TypeScript", 0, -3, 0, 0, 0, 0, 0, 0, 0, 0, -3, -6
"c:\Users\User\Documents\GitHub\cinabono-engine\packages\engine\src\eventBus\events\engine\eventMap.ts", "TypeScript", 0, -3, 0, 0, 0, 0, 0, 0, 0, 0, -3, -6
"c:\Users\User\Documents\GitHub\cinabono-engine\packages\engine\src\eventBus\events\engine\eventPatterns.ts", "TypeScript", 0, -22, 0, 0, 0, 0, 0, 0, 0, 0, -4, -26
"c:\Users\User\Documents\GitHub\cinabono-engine\packages\engine\src\eventBus\events\engine\index.ts", "TypeScript", 0, -2, 0, 0, 0, 0, 0, 0, 0, 0, -1, -3
"c:\Users\User\Documents\GitHub\cinabono-engine\packages\engine\src\eventBus\events\index.ts", "TypeScript", 0, -1, 0, 0, 0, 0, 0, 0, 0, 0, -1, -2
"c:\Users\User\Documents\GitHub\cinabono-engine\packages\engine\src\eventBus\index.ts", "TypeScript", 0, -2, 0, 0, 0, 0, 0, 0, 0, 0, -1, -3
"c:\Users\User\Documents\GitHub\cinabono-engine\packages\engine\src\index.ts", "TypeScript", 0, -8, 0, 0, 0, 0, 0, 0, 0, 0, -2, -10
"c:\Users\User\Documents\GitHub\cinabono-engine\packages\engine\src\infra\EngineSafeRunner.ts", "TypeScript", 0, -20, 0, 0, 0, 0, 0, 0, 0, 0, -6, -26
"c:\Users\User\Documents\GitHub\cinabono-engine\packages\engine\src\infra\index.ts", "TypeScript", 0, -2, 0, 0, 0, 0, 0, 0, 0, 0, -1, -3
"c:\Users\User\Documents\GitHub\cinabono-engine\packages\engine\src\infra\types.ts", "TypeScript", 0, -4, 0, 0, 0, 0, 0, 0, 0, 0, -2, -6
"c:\Users\User\Documents\GitHub\cinabono-engine\packages\engine\src\item-builder\builders\CircuitIOBuilder.ts", "TypeScript", 0, -50, 0, 0, 0, 0, 0, 0, 0, 0, -12, -62
"c:\Users\User\Documents\GitHub\cinabono-engine\packages\engine\src\item-builder\builders\ItemBuilder.ts", "TypeScript", 0, -34, 0, 0, 0, 0, 0, 0, 0, 0, -9, -43
"c:\Users\User\Documents\GitHub\cinabono-engine\packages\engine\src\item-builder\builders\RemapService.ts", "TypeScript", 0, -65, 0, 0, 0, 0, 0, 0, 0, -2, -18, -85
"c:\Users\User\Documents\GitHub\cinabono-engine\packages\engine\src\item-builder\builders\ResultAccumulator.ts", "TypeScript", 0, -17, 0, 0, 0, 0, 0, 0, 0, 0, -6, -23
"c:\Users\User\Documents\GitHub\cinabono-engine\packages\engine\src\item-builder\builders\StructureBuilder.ts", "TypeScript", 0, -110, 0, 0, 0, 0, 0, 0, 0, 0, -22, -132
"c:\Users\User\Documents\GitHub\cinabono-engine\packages\engine\src\item-builder\builders\index.ts", "TypeScript", 0, -5, 0, 0, 0, 0, 0, 0, 0, 0, -1, -6
"c:\Users\User\Documents\GitHub\cinabono-engine\packages\engine\src\item-builder\helpers.ts", "TypeScript", 0, -12, 0, 0, 0, 0, 0, 0, 0, 0, -3, -15
"c:\Users\User\Documents\GitHub\cinabono-engine\packages\engine\src\item-builder\index.ts", "TypeScript", 0, -2, 0, 0, 0, 0, 0, 0, 0, 0, -1, -3
"c:\Users\User\Documents\GitHub\cinabono-engine\packages\engine\src\item-builder\setup.ts", "TypeScript", 0, -16, 0, 0, 0, 0, 0, 0, 0, 0, -4, -20
"c:\Users\User\Documents\GitHub\cinabono-engine\packages\engine\src\item-builder\types\ItemBuilder.ts", "TypeScript", 0, -26, 0, 0, 0, 0, 0, 0, 0, 0, -6, -32
"c:\Users\User\Documents\GitHub\cinabono-engine\packages\engine\src\item-builder\types\StructureBuilder.ts", "TypeScript", 0, -6, 0, 0, 0, 0, 0, 0, 0, 0, -2, -8
"c:\Users\User\Documents\GitHub\cinabono-engine\packages\engine\src\item-builder\types\index.ts", "TypeScript", 0, -2, 0, 0, 0, 0, 0, 0, 0, 0, -1, -3
"c:\Users\User\Documents\GitHub\cinabono-engine\packages\engine\src\plugins\definePlugin.ts", "TypeScript", 0, -5, 0, 0, 0, 0, 0, 0, 0, 0, -2, -7
"c:\Users\User\Documents\GitHub\cinabono-engine\packages\engine\src\plugins\index.ts", "TypeScript", 0, -2, 0, 0, 0, 0, 0, 0, 0, 0, -1, -3
"c:\Users\User\Documents\GitHub\cinabono-engine\packages\engine\src\plugins\types.ts", "TypeScript", 0, -32, 0, 0, 0, 0, 0, 0, 0, -1, -8, -41
"c:\Users\User\Documents\GitHub\cinabono-engine\packages\engine\src\tab-factory\creator.ts", "TypeScript", 0, -12, 0, 0, 0, 0, 0, 0, 0, 0, -3, -15
"c:\Users\User\Documents\GitHub\cinabono-engine\packages\engine\src\tab-factory\index.ts", "TypeScript", 0, -3, 0, 0, 0, 0, 0, 0, 0, 0, -1, -4
"c:\Users\User\Documents\GitHub\cinabono-engine\packages\engine\src\tab-factory\setup.ts", "TypeScript", 0, -21, 0, 0, 0, 0, 0, 0, 0, 0, -5, -26
"c:\Users\User\Documents\GitHub\cinabono-engine\packages\engine\src\tab-factory\tab.ts", "TypeScript", 0, -19, 0, 0, 0, 0, 0, 0, 0, 0, -4, -23
"c:\Users\User\Documents\GitHub\cinabono-engine\packages\engine\src\tab-factory\types.ts", "TypeScript", 0, -25, 0, 0, 0, 0, 0, 0, 0, -2, -5, -32
"c:\Users\User\Documents\GitHub\cinabono-engine\packages\engine\src\tab-store\index.ts", "TypeScript", 0, -2, 0, 0, 0, 0, 0, 0, 0, 0, -1, -3
"c:\Users\User\Documents\GitHub\cinabono-engine\packages\engine\src\tab-store\setup.ts", "TypeScript", 0, -15, 0, 0, 0, 0, 0, 0, 0, 0, -4, -19
"c:\Users\User\Documents\GitHub\cinabono-engine\packages\engine\src\tab-store\store.ts", "TypeScript", 0, -9, 0, 0, 0, 0, 0, 0, 0, 0, -3, -12
"c:\Users\User\Documents\GitHub\cinabono-engine\packages\engine\src\template-builder\__tests_\IOBuilder.test.ts", "TypeScript", 0, -41, 0, 0, 0, 0, 0, 0, 0, 0, -13, -54
"c:\Users\User\Documents\GitHub\cinabono-engine\packages\engine\src\template-builder\__tests_\InnerItemsBuilder.test.ts", "TypeScript", 0, -46, 0, 0, 0, 0, 0, 0, 0, 0, -13, -59
"c:\Users\User\Documents\GitHub\cinabono-engine\packages\engine\src\template-builder\__tests_\TemplateBuilder.test.ts", "TypeScript", 0, -33, 0, 0, 0, 0, 0, 0, 0, 0, -7, -40
"c:\Users\User\Documents\GitHub\cinabono-engine\packages\engine\src\template-builder\builders\IOBuilder.ts", "TypeScript", 0, -110, 0, 0, 0, 0, 0, 0, 0, 0, -15, -125
"c:\Users\User\Documents\GitHub\cinabono-engine\packages\engine\src\template-builder\builders\InnerItemsBuilder.ts", "TypeScript", 0, -63, 0, 0, 0, 0, 0, 0, 0, 0, -13, -76
"c:\Users\User\Documents\GitHub\cinabono-engine\packages\engine\src\template-builder\builders\StructureBuilder.ts", "TypeScript", 0, -28, 0, 0, 0, 0, 0, 0, 0, -1, -9, -38
"c:\Users\User\Documents\GitHub\cinabono-engine\packages\engine\src\template-builder\builders\TemplateBuilder.ts", "TypeScript", 0, -21, 0, 0, 0, 0, 0, 0, 0, 0, -6, -27
"c:\Users\User\Documents\GitHub\cinabono-engine\packages\engine\src\template-builder\builders\index.ts", "TypeScript", 0, -1, 0, 0, 0, 0, 0, 0, 0, 0, -1, -2
"c:\Users\User\Documents\GitHub\cinabono-engine\packages\engine\src\template-builder\index.ts", "TypeScript", 0, -2, 0, 0, 0, 0, 0, 0, 0, 0, -1, -3
"c:\Users\User\Documents\GitHub\cinabono-engine\packages\engine\src\template-builder\setup.ts", "TypeScript", 0, -25, 0, 0, 0, 0, 0, 0, 0, 0, -4, -29
"c:\Users\User\Documents\GitHub\cinabono-engine\packages\engine\src\template-builder\types\StructureBuilder.ts", "TypeScript", 0, -11, 0, 0, 0, 0, 0, 0, 0, 0, -3, -14
"c:\Users\User\Documents\GitHub\cinabono-engine\packages\engine\src\template-builder\types\TemplateBuilder.ts", "TypeScript", 0, -15, 0, 0, 0, 0, 0, 0, 0, 0, -4, -19
"c:\Users\User\Documents\GitHub\cinabono-engine\packages\engine\src\template-builder\types\index.ts", "TypeScript", 0, -2, 0, 0, 0, 0, 0, 0, 0, 0, -1, -3
"c:\Users\User\Documents\GitHub\cinabono-engine\packages\engine\src\use-cases\guards\index.ts", "TypeScript", 0, -1, 0, 0, 0, 0, 0, 0, 0, 0, -1, -2
"c:\Users\User\Documents\GitHub\cinabono-engine\packages\engine\src\use-cases\guards\item.ts", "TypeScript", 0, -27, 0, 0, 0, 0, 0, 0, 0, 0, -4, -31
"c:\Users\User\Documents\GitHub\cinabono-engine\packages\engine\src\use-cases\index.ts", "TypeScript", 0, -6, 0, 0, 0, 0, 0, 0, 0, 0, -1, -7
"c:\Users\User\Documents\GitHub\cinabono-engine\packages\engine\src\use-cases\internal\create-single-item.ts", "TypeScript", 0, -39, 0, 0, 0, 0, 0, 0, 0, -5, -14, -58
"c:\Users\User\Documents\GitHub\cinabono-engine\packages\engine\src\use-cases\internal\index.ts", "TypeScript", 0, -5, 0, 0, 0, 0, 0, 0, 0, 0, -1, -6
"c:\Users\User\Documents\GitHub\cinabono-engine\packages\engine\src\use-cases\internal\link-single-item.ts", "TypeScript", 0, -43, 0, 0, 0, 0, 0, 0, 0, -4, -16, -63
"c:\Users\User\Documents\GitHub\cinabono-engine\packages\engine\src\use-cases\internal\remove-scope-deep.ts", "TypeScript", 0, -55, 0, 0, 0, 0, 0, 0, 0, 0, -17, -72
"c:\Users\User\Documents\GitHub\cinabono-engine\packages\engine\src\use-cases\internal\remove-single-item.ts", "TypeScript", 0, -54, 0, 0, 0, 0, 0, 0, 0, -2, -15, -71
"c:\Users\User\Documents\GitHub\cinabono-engine\packages\engine\src\use-cases\internal\unlink-single-item.ts", "TypeScript", 0, -54, 0, 0, 0, 0, 0, 0, 0, -3, -15, -72
"c:\Users\User\Documents\GitHub\cinabono-engine\packages\engine\src\use-cases\operations\factories.ts", "TypeScript", 0, -56, 0, 0, 0, 0, 0, 0, 0, 0, -8, -64
"c:\Users\User\Documents\GitHub\cinabono-engine\packages\engine\src\use-cases\operations\index.ts", "TypeScript", 0, -5, 0, 0, 0, 0, 0, 0, 0, -1, -1, -7
"c:\Users\User\Documents\GitHub\cinabono-engine\packages\engine\src\use-cases\operations\item-options.ts", "TypeScript", 0, 0, 0, 0, 0, 0, 0, 0, 0, -15, -2, -17
"c:\Users\User\Documents\GitHub\cinabono-engine\packages\engine\src\use-cases\operations\makeInsert.ts", "TypeScript", 0, -24, 0, 0, 0, 0, 0, 0, 0, 0, -2, -26
"c:\Users\User\Documents\GitHub\cinabono-engine\packages\engine\src\use-cases\operations\makeRead.ts", "TypeScript", 0, -19, 0, 0, 0, 0, 0, 0, 0, 0, -2, -21
"c:\Users\User\Documents\GitHub\cinabono-engine\packages\engine\src\use-cases\operations\makeRemove.ts", "TypeScript", 0, -30, 0, 0, 0, 0, 0, 0, 0, 0, -2, -32
"c:\Users\User\Documents\GitHub\cinabono-engine\packages\engine\src\use-cases\operations\scope-registry.ts", "TypeScript", 0, -61, 0, 0, 0, 0, 0, 0, 0, 0, -4, -65
"c:\Users\User\Documents\GitHub\cinabono-engine\packages\engine\src\use-cases\public\CreateItems.ts", "TypeScript", 0, -23, 0, 0, 0, 0, 0, 0, 0, 0, -6, -29
"c:\Users\User\Documents\GitHub\cinabono-engine\packages\engine\src\use-cases\public\CreateTab.ts", "TypeScript", 0, -22, 0, 0, 0, 0, 0, 0, 0, 0, -10, -32
"c:\Users\User\Documents\GitHub\cinabono-engine\packages\engine\src\use-cases\public\LinkItems.ts", "TypeScript", 0, -25, 0, 0, 0, 0, 0, 0, 0, 0, -6, -31
"c:\Users\User\Documents\GitHub\cinabono-engine\packages\engine\src\use-cases\public\RemoveItems.ts", "TypeScript", 0, -25, 0, 0, 0, 0, 0, 0, 0, 0, -7, -32
"c:\Users\User\Documents\GitHub\cinabono-engine\packages\engine\src\use-cases\public\RemoveTab.ts", "TypeScript", 0, -17, 0, 0, 0, 0, 0, 0, 0, 0, -6, -23
"c:\Users\User\Documents\GitHub\cinabono-engine\packages\engine\src\use-cases\public\UnlinkItems.ts", "TypeScript", 0, -25, 0, 0, 0, 0, 0, 0, 0, 0, -6, -31
"c:\Users\User\Documents\GitHub\cinabono-engine\packages\engine\src\use-cases\public\index.ts", "TypeScript", 0, -6, 0, 0, 0, 0, 0, 0, 0, 0, -1, -7
"c:\Users\User\Documents\GitHub\cinabono-engine\packages\engine\src\use-cases\tools\FlowTool\FlowTool.ts", "TypeScript", 0, -58, 0, 0, 0, 0, 0, 0, 0, 0, -13, -71
"c:\Users\User\Documents\GitHub\cinabono-engine\packages\engine\src\use-cases\tools\FlowTool\index.ts", "TypeScript", 0, -2, 0, 0, 0, 0, 0, 0, 0, 0, -1, -3
"c:\Users\User\Documents\GitHub\cinabono-engine\packages\engine\src\use-cases\tools\FlowTool\types.ts", "TypeScript", 0, -22, 0, 0, 0, 0, 0, 0, 0, 0, -6, -28
"c:\Users\User\Documents\GitHub\cinabono-engine\packages\engine\src\use-cases\tools\index.ts", "TypeScript", 0, -1, 0, 0, 0, 0, 0, 0, 0, 0, -1, -2
"c:\Users\User\Documents\GitHub\cinabono-engine\packages\engine\src\use-cases\types.ts", "TypeScript", 0, -10, 0, 0, 0, 0, 0, 0, 0, 0, -3, -13
"c:\Users\User\Documents\GitHub\cinabono-engine\packages\engine\tsconfig.build.json", "JSON", 0, 0, -16, 0, 0, 0, 0, 0, 0, 0, -1, -17
"c:\Users\User\Documents\GitHub\cinabono-engine\packages\engine\tsconfig.json", "JSON with Comments", -17, 0, 0, 0, 0, 0, 0, 0, 0, 0, -1, -18
"c:\Users\User\Documents\GitHub\cinabono-engine\packages\engine\vitest.config.ts", "TypeScript", 0, -10, 0, 0, 0, 0, 0, 0, 0, 0, -2, -12
"c:\Users\User\Documents\GitHub\cinabono-engine\packages\entities-runtime\package.json", "JSON", 0, 0, -67, 0, 0, 0, 0, 0, 0, 0, -1, -68
"c:\Users\User\Documents\GitHub\cinabono-engine\packages\entities-runtime\src\CallbackManager\CalbackManager.ts", "TypeScript", 0, -14, 0, 0, 0, 0, 0, 0, 0, 0, -4, -18
"c:\Users\User\Documents\GitHub\cinabono-engine\packages\entities-runtime\src\CallbackManager\index.ts", "TypeScript", 0, -2, 0, 0, 0, 0, 0, 0, 0, 0, -1, -3
"c:\Users\User\Documents\GitHub\cinabono-engine\packages\entities-runtime\src\CallbackManager\types.ts", "TypeScript", 0, -5, 0, 0, 0, 0, 0, 0, 0, 0, -3, -8
"c:\Users\User\Documents\GitHub\cinabono-engine\packages\entities-runtime\src\async-cache\index.ts", "TypeScript", 0, -3, 0, 0, 0, 0, 0, 0, 0, 0, -1, -4
"c:\Users\User\Documents\GitHub\cinabono-engine\packages\entities-runtime\src\async-cache\map.cache.ts", "TypeScript", 0, -24, 0, 0, 0, 0, 0, 0, 0, 0, -6, -30
"c:\Users\User\Documents\GitHub\cinabono-engine\packages\entities-runtime\src\async-cache\types.ts", "TypeScript", 0, -12, 0, 0, 0, 0, 0, 0, 0, 0, -2, -14
"c:\Users\User\Documents\GitHub\cinabono-engine\packages\entities-runtime\src\async-cache\value.cache.ts", "TypeScript", 0, -17, 0, 0, 0, 0, 0, 0, 0, 0, -5, -22
"c:\Users\User\Documents\GitHub\cinabono-engine\packages\entities-runtime\src\dispose\dispose.ts", "TypeScript", 0, -27, 0, 0, 0, 0, 0, 0, 0, 0, -6, -33
"c:\Users\User\Documents\GitHub\cinabono-engine\packages\entities-runtime\src\dispose\index.ts", "TypeScript", 0, -2, 0, 0, 0, 0, 0, 0, 0, 0, -1, -3
"c:\Users\User\Documents\GitHub\cinabono-engine\packages\entities-runtime\src\dispose\types.ts", "TypeScript", 0, -4, 0, 0, 0, 0, 0, 0, 0, 0, -2, -6
"c:\Users\User\Documents\GitHub\cinabono-engine\packages\entities-runtime\src\eventBus\index.ts", "TypeScript", 0, -4, 0, 0, 0, 0, 0, 0, 0, 0, -1, -5
"c:\Users\User\Documents\GitHub\cinabono-engine\packages\entities-runtime\src\eventBus\patternEventBus.ts", "TypeScript", 0, -46, 0, 0, 0, 0, 0, 0, 0, -1, -9, -56
"c:\Users\User\Documents\GitHub\cinabono-engine\packages\entities-runtime\src\eventBus\scopedEventBus.ts", "TypeScript", 0, -49, 0, 0, 0, 0, 0, 0, 0, -1, -7, -57
"c:\Users\User\Documents\GitHub\cinabono-engine\packages\entities-runtime\src\eventBus\types\index.ts", "TypeScript", 0, -2, 0, 0, 0, 0, 0, 0, 0, 0, -1, -3
"c:\Users\User\Documents\GitHub\cinabono-engine\packages\entities-runtime\src\eventBus\types\types.ts", "TypeScript", 0, -31, 0, 0, 0, 0, 0, 0, 0, -6, -8, -45
"c:\Users\User\Documents\GitHub\cinabono-engine\packages\entities-runtime\src\eventBus\types\utils.ts", "TypeScript", 0, -67, 0, 0, 0, 0, 0, 0, 0, -34, -8, -109
"c:\Users\User\Documents\GitHub\cinabono-engine\packages\entities-runtime\src\eventBus\utils\PatternBuilder.ts", "TypeScript", 0, -38, 0, 0, 0, 0, 0, 0, 0, -1, -11, -50
"c:\Users\User\Documents\GitHub\cinabono-engine\packages\entities-runtime\src\eventBus\utils\index.ts", "TypeScript", 0, -1, 0, 0, 0, 0, 0, 0, 0, 0, -1, -2
"c:\Users\User\Documents\GitHub\cinabono-engine\packages\entities-runtime\src\index.ts", "TypeScript", 0, -10, 0, 0, 0, 0, 0, 0, 0, 0, -1, -11
"c:\Users\User\Documents\GitHub\cinabono-engine\packages\entities-runtime\src\merger\index.ts", "TypeScript", 0, -1, 0, 0, 0, 0, 0, 0, 0, 0, -1, -2
"c:\Users\User\Documents\GitHub\cinabono-engine\packages\entities-runtime\src\merger\merger.ts", "TypeScript", 0, -20, 0, 0, 0, 0, 0, 0, 0, 0, -6, -26
"c:\Users\User\Documents\GitHub\cinabono-engine\packages\entities-runtime\src\merger\types.ts", "TypeScript", 0, -8, 0, 0, 0, 0, 0, 0, 0, 0, -6, -14
"c:\Users\User\Documents\GitHub\cinabono-engine\packages\entities-runtime\src\min-heap\index.ts", "TypeScript", 0, -1, 0, 0, 0, 0, 0, 0, 0, 0, -1, -2
"c:\Users\User\Documents\GitHub\cinabono-engine\packages\entities-runtime\src\min-heap\min-heap.ts", "TypeScript", 0, -51, 0, 0, 0, 0, 0, 0, 0, 0, -16, -67
"c:\Users\User\Documents\GitHub\cinabono-engine\packages\entities-runtime\src\safe-runner\index.ts", "TypeScript", 0, -2, 0, 0, 0, 0, 0, 0, 0, 0, -1, -3
"c:\Users\User\Documents\GitHub\cinabono-engine\packages\entities-runtime\src\safe-runner\safe-runner.ts", "TypeScript", 0, -22, 0, 0, 0, 0, 0, 0, 0, 0, -8, -30
"c:\Users\User\Documents\GitHub\cinabono-engine\packages\entities-runtime\src\safe-runner\types.ts", "TypeScript", 0, -14, 0, 0, 0, 0, 0, 0, 0, 0, -6, -20
"c:\Users\User\Documents\GitHub\cinabono-engine\packages\entities-runtime\src\saga\contract.ts", "TypeScript", 0, -3, 0, 0, 0, 0, 0, 0, 0, 0, -1, -4
"c:\Users\User\Documents\GitHub\cinabono-engine\packages\entities-runtime\src\saga\error.ts", "TypeScript", 0, -9, 0, 0, 0, 0, 0, 0, 0, 0, -1, -10
"c:\Users\User\Documents\GitHub\cinabono-engine\packages\entities-runtime\src\saga\index.ts", "TypeScript", 0, -4, 0, 0, 0, 0, 0, 0, 0, 0, -1, -5
"c:\Users\User\Documents\GitHub\cinabono-engine\packages\entities-runtime\src\saga\saga.ts", "TypeScript", 0, -56, 0, 0, 0, 0, 0, 0, 0, 0, -11, -67
"c:\Users\User\Documents\GitHub\cinabono-engine\packages\entities-runtime\src\saga\types.ts", "TypeScript", 0, -9, 0, 0, 0, 0, 0, 0, 0, 0, -2, -11
"c:\Users\User\Documents\GitHub\cinabono-engine\packages\entities-runtime\src\service\index.ts", "TypeScript", 0, -3, 0, 0, 0, 0, 0, 0, 0, 0, -1, -4
"c:\Users\User\Documents\GitHub\cinabono-engine\packages\entities-runtime\src\service\multipleStores.service.ts", "TypeScript", 0, -20, 0, 0, 0, 0, 0, 0, 0, 0, -5, -25
"c:\Users\User\Documents\GitHub\cinabono-engine\packages\entities-runtime\src\service\singleStore.service.ts", "TypeScript", 0, -20, 0, 0, 0, 0, 0, 0, 0, 0, -5, -25
"c:\Users\User\Documents\GitHub\cinabono-engine\packages\entities-runtime\src\service\toolsOnly.service.ts", "TypeScript", 0, -13, 0, 0, 0, 0, 0, 0, 0, 0, -4, -17
"c:\Users\User\Documents\GitHub\cinabono-engine\packages\entities-runtime\src\store\contracts\index.ts", "TypeScript", 0, -3, 0, 0, 0, 0, 0, 0, 0, 0, -1, -4
"c:\Users\User\Documents\GitHub\cinabono-engine\packages\entities-runtime\src\store\contracts\methods.ts", "TypeScript", 0, -24, 0, 0, 0, 0, 0, 0, 0, 0, -8, -32
"c:\Users\User\Documents\GitHub\cinabono-engine\packages\entities-runtime\src\store\contracts\stores.ts", "TypeScript", 0, -8, 0, 0, 0, 0, 0, 0, 0, 0, -4, -12
"c:\Users\User\Documents\GitHub\cinabono-engine\packages\entities-runtime\src\store\contracts\types.ts", "TypeScript", 0, -13, 0, 0, 0, 0, 0, 0, 0, 0, -4, -17
"c:\Users\User\Documents\GitHub\cinabono-engine\packages\entities-runtime\src\store\helpers\base.ts", "TypeScript", 0, -24, 0, 0, 0, 0, 0, 0, 0, 0, -3, -27
"c:\Users\User\Documents\GitHub\cinabono-engine\packages\entities-runtime\src\store\helpers\byId.ts", "TypeScript", 0, -8, 0, 0, 0, 0, 0, 0, 0, 0, -2, -10
"c:\Users\User\Documents\GitHub\cinabono-engine\packages\entities-runtime\src\store\helpers\index.ts", "TypeScript", 0, -2, 0, 0, 0, 0, 0, 0, 0, 0, -1, -3
"c:\Users\User\Documents\GitHub\cinabono-engine\packages\entities-runtime\src\store\inMemory\crud.ts", "TypeScript", 0, -17, 0, 0, 0, 0, 0, 0, 0, 0, -2, -19
"c:\Users\User\Documents\GitHub\cinabono-engine\packages\entities-runtime\src\store\inMemory\index.ts", "TypeScript", 0, -3, 0, 0, 0, 0, 0, 0, 0, 0, -1, -4
"c:\Users\User\Documents\GitHub\cinabono-engine\packages\entities-runtime\src\store\inMemory\readonly.ts", "TypeScript", 0, -14, 0, 0, 0, 0, 0, 0, 0, 0, -5, -19
"c:\Users\User\Documents\GitHub\cinabono-engine\packages\entities-runtime\src\store\inMemory\readupdate.ts", "TypeScript", 0, -13, 0, 0, 0, 0, 0, 0, 0, 0, -2, -15
"c:\Users\User\Documents\GitHub\cinabono-engine\packages\entities-runtime\src\store\index.ts", "TypeScript", 0, -3, 0, 0, 0, 0, 0, 0, 0, 0, -1, -4
"c:\Users\User\Documents\GitHub\cinabono-engine\packages\entities-runtime\tsconfig.json", "JSON with Comments", -14, 0, 0, 0, 0, 0, 0, 0, 0, 0, -1, -15
"c:\Users\User\Documents\GitHub\cinabono-engine\packages\error\package.json", "JSON", 0, 0, -29, 0, 0, 0, 0, 0, 0, 0, -1, -30
"c:\Users\User\Documents\GitHub\cinabono-engine\packages\error\src\domain-error.ts", "TypeScript", 0, -15, 0, 0, 0, 0, 0, 0, 0, 0, -2, -17
"c:\Users\User\Documents\GitHub\cinabono-engine\packages\error\src\index.ts", "TypeScript", 0, -1, 0, 0, 0, 0, 0, 0, 0, 0, -1, -2
"c:\Users\User\Documents\GitHub\cinabono-engine\packages\error\tsconfig.json", "JSON with Comments", -11, 0, 0, 0, 0, 0, 0, 0, 0, 0, -1, -12
"c:\Users\User\Documents\GitHub\cinabono-engine\packages\helpers\package.json", "JSON", 0, 0, -62, 0, 0, 0, 0, 0, 0, 0, -1, -63
"c:\Users\User\Documents\GitHub\cinabono-engine\packages\helpers\src\id\id.ts", "TypeScript", 0, -17, 0, 0, 0, 0, 0, 0, 0, 0, -4, -21
"c:\Users\User\Documents\GitHub\cinabono-engine\packages\helpers\src\id\index.ts", "TypeScript", 0, -1, 0, 0, 0, 0, 0, 0, 0, 0, -1, -2
"c:\Users\User\Documents\GitHub\cinabono-engine\packages\helpers\src\index.ts", "TypeScript", 0, -5, 0, 0, 0, 0, 0, 0, 0, 0, -1, -6
"c:\Users\User\Documents\GitHub\cinabono-engine\packages\helpers\src\item\circuit.ts", "TypeScript", 0, -49, 0, 0, 0, 0, 0, 0, 0, 0, -13, -62
"c:\Users\User\Documents\GitHub\cinabono-engine\packages\helpers\src\item\delays.ts", "TypeScript", 0, -8, 0, 0, 0, 0, 0, 0, 0, 0, -3, -11
"c:\Users\User\Documents\GitHub\cinabono-engine\packages\helpers\src\item\ensure.ts", "TypeScript", 0, -34, 0, 0, 0, 0, 0, 0, 0, 0, -8, -42
"c:\Users\User\Documents\GitHub\cinabono-engine\packages\helpers\src\item\index.ts", "TypeScript", 0, -4, 0, 0, 0, 0, 0, 0, 0, 0, -1, -5
"c:\Users\User\Documents\GitHub\cinabono-engine\packages\helpers\src\item\link.ts", "TypeScript", 0, -41, 0, 0, 0, 0, 0, 0, 0, 0, -4, -45
"c:\Users\User\Documents\GitHub\cinabono-engine\packages\helpers\src\item\options.ts", "TypeScript", 0, -1, 0, 0, 0, 0, 0, 0, 0, -51, -6, -58
"c:\Users\User\Documents\GitHub\cinabono-engine\packages\helpers\src\item\pin.ts", "TypeScript", 0, -84, 0, 0, 0, 0, 0, 0, 0, 0, -16, -100
"c:\Users\User\Documents\GitHub\cinabono-engine\packages\helpers\src\ops\index.ts", "TypeScript", 0, -2, 0, 0, 0, 0, 0, 0, 0, 0, -1, -3
"c:\Users\User\Documents\GitHub\cinabono-engine\packages\helpers\src\ops\listAllCircuitPins.ts", "TypeScript", 0, -10, 0, 0, 0, 0, 0, 0, 0, 0, -2, -12
"c:\Users\User\Documents\GitHub\cinabono-engine\packages\helpers\src\ops\removeExternalPinLinks.ts", "TypeScript", 0, -37, 0, 0, 0, 0, 0, 0, 0, 0, -7, -44
"c:\Users\User\Documents\GitHub\cinabono-engine\packages\helpers\src\path\index.ts", "TypeScript", 0, -1, 0, 0, 0, 0, 0, 0, 0, 0, -1, -2
"c:\Users\User\Documents\GitHub\cinabono-engine\packages\helpers\src\path\path.ts", "TypeScript", 0, -11, 0, 0, 0, 0, 0, 0, 0, 0, -4, -15
"c:\Users\User\Documents\GitHub\cinabono-engine\packages\helpers\src\scope\batch.ts", "TypeScript", 0, -15, 0, 0, 0, 0, 0, 0, 0, 0, -3, -18
"c:\Users\User\Documents\GitHub\cinabono-engine\packages\helpers\src\scope\index.ts", "TypeScript", 0, -4, 0, 0, 0, 0, 0, 0, 0, 0, -1, -5
"c:\Users\User\Documents\GitHub\cinabono-engine\packages\helpers\src\scope\scopeItems.ts", "TypeScript", 0, -18, 0, 0, 0, 0, 0, 0, 0, 0, -2, -20
"c:\Users\User\Documents\GitHub\cinabono-engine\packages\helpers\src\scope\scopeLinks\collectLinks.ts", "TypeScript", 0, -37, 0, 0, 0, 0, 0, 0, 0, 0, -7, -44
"c:\Users\User\Documents\GitHub\cinabono-engine\packages\helpers\src\scope\scopeLinks\scopeLinks.ts", "TypeScript", 0, -65, 0, 0, 0, 0, 0, 0, 0, -4, -16, -85
"c:\Users\User\Documents\GitHub\cinabono-engine\packages\helpers\src\scope\scopeScopes.ts", "TypeScript", 0, -15, 0, 0, 0, 0, 0, 0, 0, 0, -2, -17
"c:\Users\User\Documents\GitHub\cinabono-engine\packages\helpers\tsconfig.json", "JSON with Comments", -12, 0, 0, 0, 0, 0, 0, 0, 0, 0, -1, -13
"c:\Users\User\Documents\GitHub\cinabono-engine\packages\helpers\vitest.config.ts", "TypeScript", 0, -9, 0, 0, 0, 0, 0, 0, 0, 0, -2, -11
"c:\Users\User\Documents\GitHub\cinabono-engine\packages\modules-runtime\package.json", "JSON", 0, 0, -70, 0, 0, 0, 0, 0, 0, 0, -1, -71
"c:\Users\User\Documents\GitHub\cinabono-engine\packages\modules-runtime\src\compute-item-service\core\engine.ts", "TypeScript", 0, -39, 0, 0, 0, 0, 0, 0, 0, 0, -10, -49
"c:\Users\User\Documents\GitHub\cinabono-engine\packages\modules-runtime\src\compute-item-service\core\index.ts", "TypeScript", 0, -3, 0, 0, 0, 0, 0, 0, 0, 0, -1, -4
"c:\Users\User\Documents\GitHub\cinabono-engine\packages\modules-runtime\src\compute-item-service\core\registries\bakeMap.ts", "TypeScript", 0, -6, 0, 0, 0, 0, 0, 0, 0, 0, -2, -8
"c:\Users\User\Documents\GitHub\cinabono-engine\packages\modules-runtime\src\compute-item-service\core\registries\computeFns.ts", "TypeScript", 0, -56, 0, 0, 0, 0, 0, 0, 0, 0, -12, -68
"c:\Users\User\Documents\GitHub\cinabono-engine\packages\modules-runtime\src\compute-item-service\core\registries\computeMap.ts", "TypeScript", 0, -13, 0, 0, 0, 0, 0, 0, 0, 0, -2, -15
"c:\Users\User\Documents\GitHub\cinabono-engine\packages\modules-runtime\src\compute-item-service\core\registries\index.ts", "TypeScript", 0, -2, 0, 0, 0, 0, 0, 0, 0, 0, -1, -3
"c:\Users\User\Documents\GitHub\cinabono-engine\packages\modules-runtime\src\compute-item-service\core\service.ts", "TypeScript", 0, -17, 0, 0, 0, 0, 0, 0, 0, 0, -5, -22
"c:\Users\User\Documents\GitHub\cinabono-engine\packages\modules-runtime\src\compute-item-service\core\stores.ts", "TypeScript", 0, -10, 0, 0, 0, 0, 0, 0, 0, 0, -3, -13
"c:\Users\User\Documents\GitHub\cinabono-engine\packages\modules-runtime\src\compute-item-service\index.ts", "TypeScript", 0, -2, 0, 0, 0, 0, 0, 0, 0, 0, -1, -3
"c:\Users\User\Documents\GitHub\cinabono-engine\packages\modules-runtime\src\compute-item-service\model\config.ts", "TypeScript", 0, -15, 0, 0, 0, 0, 0, 0, 0, 0, -4, -19
"c:\Users\User\Documents\GitHub\cinabono-engine\packages\modules-runtime\src\compute-item-service\model\contracts.ts", "TypeScript", 0, -11, 0, 0, 0, 0, 0, 0, 0, 0, -4, -15
"c:\Users\User\Documents\GitHub\cinabono-engine\packages\modules-runtime\src\compute-item-service\model\guards.ts", "TypeScript", 0, -14, 0, 0, 0, 0, 0, 0, 0, 0, -3, -17
"c:\Users\User\Documents\GitHub\cinabono-engine\packages\modules-runtime\src\compute-item-service\model\index.ts", "TypeScript", 0, -4, 0, 0, 0, 0, 0, 0, 0, 0, -1, -5
"c:\Users\User\Documents\GitHub\cinabono-engine\packages\modules-runtime\src\compute-item-service\model\types.ts", "TypeScript", 0, -10, 0, 0, 0, 0, 0, 0, 0, 0, -5, -15
"c:\Users\User\Documents\GitHub\cinabono-engine\packages\modules-runtime\src\compute-item-service\setup.ts", "TypeScript", 0, -24, 0, 0, 0, 0, 0, 0, 0, 0, -6, -30
"c:\Users\User\Documents\GitHub\cinabono-engine\packages\modules-runtime\src\factories\index.ts", "TypeScript", 0, -2, 0, 0, 0, 0, 0, 0, 0, 0, -1, -3
"c:\Users\User\Documents\GitHub\cinabono-engine\packages\modules-runtime\src\factories\item\__tests__\creator.test.ts", "TypeScript", 0, -85, 0, 0, 0, 0, 0, 0, 0, 0, -18, -103
"c:\Users\User\Documents\GitHub\cinabono-engine\packages\modules-runtime\src\factories\item\creator.ts", "TypeScript", 0, -74, 0, 0, 0, 0, 0, 0, 0, -1, -13, -88
"c:\Users\User\Documents\GitHub\cinabono-engine\packages\modules-runtime\src\factories\item\helpers.ts", "TypeScript", 0, -37, 0, 0, 0, 0, 0, 0, 0, 0, -5, -42
"c:\Users\User\Documents\GitHub\cinabono-engine\packages\modules-runtime\src\factories\item\index.ts", "TypeScript", 0, -2, 0, 0, 0, 0, 0, 0, 0, 0, -1, -3
"c:\Users\User\Documents\GitHub\cinabono-engine\packages\modules-runtime\src\factories\item\setup.ts", "TypeScript", 0, -12, 0, 0, 0, 0, 0, 0, 0, 0, -4, -16
"c:\Users\User\Documents\GitHub\cinabono-engine\packages\modules-runtime\src\factories\scope\creator.ts", "TypeScript", 0, -17, 0, 0, 0, 0, 0, 0, 0, 0, -3, -20
"c:\Users\User\Documents\GitHub\cinabono-engine\packages\modules-runtime\src\factories\scope\index.ts", "TypeScript", 0, -2, 0, 0, 0, 0, 0, 0, 0, 0, -1, -3
"c:\Users\User\Documents\GitHub\cinabono-engine\packages\modules-runtime\src\factories\scope\setup.ts", "TypeScript", 0, -13, 0, 0, 0, 0, 0, 0, 0, 0, -4, -17
"c:\Users\User\Documents\GitHub\cinabono-engine\packages\modules-runtime\src\index.ts", "TypeScript", 0, -6, 0, 0, 0, 0, 0, 0, 0, -1, -1, -8
"c:\Users\User\Documents\GitHub\cinabono-engine\packages\modules-runtime\src\item-options-store\core\helpers.ts", "TypeScript", 0, 0, 0, 0, 0, 0, 0, 0, 0, -17, -3, -20
"c:\Users\User\Documents\GitHub\cinabono-engine\packages\modules-runtime\src\item-options-store\core\index.ts", "TypeScript", 0, 0, 0, 0, 0, 0, 0, 0, 0, -2, -1, -3
"c:\Users\User\Documents\GitHub\cinabono-engine\packages\modules-runtime\src\item-options-store\core\registries\getters.ts", "TypeScript", 0, 0, 0, 0, 0, 0, 0, 0, 0, -19, -2, -21
"c:\Users\User\Documents\GitHub\cinabono-engine\packages\modules-runtime\src\item-options-store\core\registries\index.ts", "TypeScript", 0, 0, 0, 0, 0, 0, 0, 0, 0, -2, -1, -3
"c:\Users\User\Documents\GitHub\cinabono-engine\packages\modules-runtime\src\item-options-store\core\registries\setters.ts", "TypeScript", 0, 0, 0, 0, 0, 0, 0, 0, 0, -42, -5, -47
"c:\Users\User\Documents\GitHub\cinabono-engine\packages\modules-runtime\src\item-options-store\core\store.ts", "TypeScript", 0, 0, 0, 0, 0, 0, 0, 0, 0, -49, -10, -59
"c:\Users\User\Documents\GitHub\cinabono-engine\packages\modules-runtime\src\item-options-store\index.ts", "TypeScript", 0, 0, 0, 0, 0, 0, 0, 0, 0, -4, -1, -5
"c:\Users\User\Documents\GitHub\cinabono-engine\packages\modules-runtime\src\item-options-store\model\contracts.ts", "TypeScript", 0, 0, 0, 0, 0, 0, 0, 0, 0, -31, -8, -39
"c:\Users\User\Documents\GitHub\cinabono-engine\packages\modules-runtime\src\item-options-store\model\index.ts", "TypeScript", 0, 0, 0, 0, 0, 0, 0, 0, 0, -2, -1, -3
"c:\Users\User\Documents\GitHub\cinabono-engine\packages\modules-runtime\src\item-options-store\model\types.ts", "TypeScript", 0, 0, 0, 0, 0, 0, 0, 0, 0, -28, -6, -34
"c:\Users\User\Documents\GitHub\cinabono-engine\packages\modules-runtime\src\item-options-store\setup.ts", "TypeScript", 0, 0, 0, 0, 0, 0, 0, 0, 0, -16, -3, -19
"c:\Users\User\Documents\GitHub\cinabono-engine\packages\modules-runtime\src\item-store\index.ts", "TypeScript", 0, -3, 0, 0, 0, 0, 0, 0, 0, 0, -1, -4
"c:\Users\User\Documents\GitHub\cinabono-engine\packages\modules-runtime\src\item-store\setup.ts", "TypeScript", 0, -14, 0, 0, 0, 0, 0, 0, 0, 0, -4, -18
"c:\Users\User\Documents\GitHub\cinabono-engine\packages\modules-runtime\src\item-store\store.ts", "TypeScript", 0, -8, 0, 0, 0, 0, 0, 0, 0, 0, -2, -10
"c:\Users\User\Documents\GitHub\cinabono-engine\packages\modules-runtime\src\library\cache\cache.ts", "TypeScript", 0, 0, 0, 0, 0, 0, 0, 0, 0, -48, -10, -58
"c:\Users\User\Documents\GitHub\cinabono-engine\packages\modules-runtime\src\library\cache\index.ts", "TypeScript", 0, 0, 0, 0, 0, 0, 0, 0, 0, 0, -1, -1
"c:\Users\User\Documents\GitHub\cinabono-engine\packages\modules-runtime\src\library\contracts.ts", "TypeScript", 0, -5, 0, 0, 0, 0, 0, 0, 0, 0, -2, -7
"c:\Users\User\Documents\GitHub\cinabono-engine\packages\modules-runtime\src\library\core\in-memory-library\builders.ts", "TypeScript", 0, -31, 0, 0, 0, 0, 0, 0, 0, 0, -5, -36
"c:\Users\User\Documents\GitHub\cinabono-engine\packages\modules-runtime\src\library\core\in-memory-library\defaultItems.ts", "TypeScript", 0, -45, 0, 0, 0, 0, 0, 0, 0, 0, -5, -50
"c:\Users\User\Documents\GitHub\cinabono-engine\packages\modules-runtime\src\library\core\in-memory-library\index.ts", "TypeScript", 0, -4, 0, 0, 0, 0, 0, 0, 0, 0, -1, -5
"c:\Users\User\Documents\GitHub\cinabono-engine\packages\modules-runtime\src\library\core\in-memory-library\store.ts", "TypeScript", 0, -6, 0, 0, 0, 0, 0, 0, 0, 0, -2, -8
"c:\Users\User\Documents\GitHub\cinabono-engine\packages\modules-runtime\src\library\core\in-memory-library\templateMap.ts", "TypeScript", 0, -20, 0, 0, 0, 0, 0, 0, 0, 0, -2, -22
"c:\Users\User\Documents\GitHub\cinabono-engine\packages\modules-runtime\src\library\core\index.ts", "TypeScript", 0, -1, 0, 0, 0, 0, 0, 0, 0, 0, -1, -2
"c:\Users\User\Documents\GitHub\cinabono-engine\packages\modules-runtime\src\library\index.ts", "TypeScript", 0, -2, 0, 0, 0, 0, 0, 0, 0, 0, -1, -3
"c:\Users\User\Documents\GitHub\cinabono-engine\packages\modules-runtime\src\library\setup.ts", "TypeScript", 0, -18, 0, 0, 0, 0, 0, 0, 0, 0, -5, -23
"c:\Users\User\Documents\GitHub\cinabono-engine\packages\modules-runtime\src\link-store\index.ts", "TypeScript", 0, -3, 0, 0, 0, 0, 0, 0, 0, 0, -1, -4
"c:\Users\User\Documents\GitHub\cinabono-engine\packages\modules-runtime\src\link-store\setup.ts", "TypeScript", 0, -14, 0, 0, 0, 0, 0, 0, 0, 0, -5, -19
"c:\Users\User\Documents\GitHub\cinabono-engine\packages\modules-runtime\src\link-store\store.ts", "TypeScript", 0, -7, 0, 0, 0, 0, 0, 0, 0, 0, -3, -10
"c:\Users\User\Documents\GitHub\cinabono-engine\packages\modules-runtime\src\scope-store\index.ts", "TypeScript", 0, -3, 0, 0, 0, 0, 0, 0, 0, 0, -1, -4
"c:\Users\User\Documents\GitHub\cinabono-engine\packages\modules-runtime\src\scope-store\setup.ts", "TypeScript", 0, -15, 0, 0, 0, 0, 0, 0, 0, 0, -5, -20
"c:\Users\User\Documents\GitHub\cinabono-engine\packages\modules-runtime\src\scope-store\store.ts", "TypeScript", 0, -4, 0, 0, 0, 0, 0, 0, 0, 0, -3, -7
"c:\Users\User\Documents\GitHub\cinabono-engine\packages\modules-runtime\tsconfig.build.json", "JSON", 0, 0, -12, 0, 0, 0, 0, 0, 0, 0, -1, -13
"c:\Users\User\Documents\GitHub\cinabono-engine\packages\modules-runtime\tsconfig.json", "JSON with Comments", -12, 0, 0, 0, 0, 0, 0, 0, 0, 0, -1, -13
"c:\Users\User\Documents\GitHub\cinabono-engine\packages\modules-runtime\vitest.config.ts", "TypeScript", 0, -9, 0, 0, 0, 0, 0, 0, 0, 0, -2, -11
"c:\Users\User\Documents\GitHub\cinabono-engine\packages\schema\package.json", "JSON", 0, 0, -72, 0, 0, 0, 0, 0, 0, 0, -1, -73
"c:\Users\User\Documents\GitHub\cinabono-engine\packages\schema\src\index.ts", "TypeScript", 0, -8, 0, 0, 0, 0, 0, 0, 0, 0, -1, -9
"c:\Users\User\Documents\GitHub\cinabono-engine\packages\schema\src\item-args\guards.ts", "TypeScript", 0, -22, 0, 0, 0, 0, 0, 0, 0, 0, -10, -32
"c:\Users\User\Documents\GitHub\cinabono-engine\packages\schema\src\item-args\index.ts", "TypeScript", 0, -2, 0, 0, 0, 0, 0, 0, 0, 0, -1, -3
"c:\Users\User\Documents\GitHub\cinabono-engine\packages\schema\src\item-args\types.ts", "TypeScript", 0, -11, 0, 0, 0, 0, 0, 0, 0, 0, -4, -15
"c:\Users\User\Documents\GitHub\cinabono-engine\packages\schema\src\item\guards.ts", "TypeScript", 0, -42, 0, 0, 0, 0, 0, 0, 0, 0, -13, -55
"c:\Users\User\Documents\GitHub\cinabono-engine\packages\schema\src\item\index.ts", "TypeScript", 0, -2, 0, 0, 0, 0, 0, 0, 0, 0, -1, -3
"c:\Users\User\Documents\GitHub\cinabono-engine\packages\schema\src\item\types.ts", "TypeScript", 0, -25, 0, 0, 0, 0, 0, 0, 0, 0, -3, -28
"c:\Users\User\Documents\GitHub\cinabono-engine\packages\schema\src\link\index.ts", "TypeScript", 0, -1, 0, 0, 0, 0, 0, 0, 0, 0, -1, -2
"c:\Users\User\Documents\GitHub\cinabono-engine\packages\schema\src\link\types.ts", "TypeScript", 0, -7, 0, 0, 0, 0, 0, 0, 0, 0, -2, -9
"c:\Users\User\Documents\GitHub\cinabono-engine\packages\schema\src\primitives\guards.ts", "TypeScript", 0, -5, 0, 0, 0, 0, 0, 0, 0, 0, -1, -6
"c:\Users\User\Documents\GitHub\cinabono-engine\packages\schema\src\primitives\index.ts", "TypeScript", 0, -2, 0, 0, 0, 0, 0, 0, 0, 0, -1, -3
"c:\Users\User\Documents\GitHub\cinabono-engine\packages\schema\src\primitives\types\base.ts", "TypeScript", 0, -3, 0, 0, 0, 0, 0, 0, 0, -1, -4, -8
"c:\Users\User\Documents\GitHub\cinabono-engine\packages\schema\src\primitives\types\index.ts", "TypeScript", 0, -4, 0, 0, 0, 0, 0, 0, 0, 0, -1, -5
"c:\Users\User\Documents\GitHub\cinabono-engine\packages\schema\src\primitives\types\overloads.ts", "TypeScript", 0, -25, 0, 0, 0, 0, 0, 0, 0, 0, -4, -29
"c:\Users\User\Documents\GitHub\cinabono-engine\packages\schema\src\primitives\types\tree.ts", "TypeScript", 0, -20, 0, 0, 0, 0, 0, 0, 0, -1, -4, -25
"c:\Users\User\Documents\GitHub\cinabono-engine\packages\schema\src\primitives\types\utility-types.ts", "TypeScript", 0, -24, 0, 0, 0, 0, 0, 0, 0, -1, -17, -42
"c:\Users\User\Documents\GitHub\cinabono-engine\packages\schema\src\scope-args\guards.ts", "TypeScript", 0, -19, 0, 0, 0, 0, 0, 0, 0, 0, -6, -25
"c:\Users\User\Documents\GitHub\cinabono-engine\packages\schema\src\scope-args\index.ts", "TypeScript", 0, -2, 0, 0, 0, 0, 0, 0, 0, 0, -1, -3
"c:\Users\User\Documents\GitHub\cinabono-engine\packages\schema\src\scope-args\types.ts", "TypeScript", 0, -10, 0, 0, 0, 0, 0, 0, 0, 0, -4, -14
"c:\Users\User\Documents\GitHub\cinabono-engine\packages\schema\src\scope\guards.ts", "TypeScript", 0, -19, 0, 0, 0, 0, 0, 0, 0, 0, -6, -25
"c:\Users\User\Documents\GitHub\cinabono-engine\packages\schema\src\scope\index.ts", "TypeScript", 0, -2, 0, 0, 0, 0, 0, 0, 0, 0, -1, -3
"c:\Users\User\Documents\GitHub\cinabono-engine\packages\schema\src\scope\types.ts", "TypeScript", 0, -22, 0, 0, 0, 0, 0, 0, 0, 0, -5, -27
"c:\Users\User\Documents\GitHub\cinabono-engine\packages\schema\src\shared\access.ts", "TypeScript", 0, -14, 0, 0, 0, 0, 0, 0, 0, 0, -3, -17
"c:\Users\User\Documents\GitHub\cinabono-engine\packages\schema\src\shared\helpers.ts", "TypeScript", 0, -7, 0, 0, 0, 0, 0, 0, 0, 0, -3, -10
"c:\Users\User\Documents\GitHub\cinabono-engine\packages\schema\src\shared\index.ts", "TypeScript", 0, -3, 0, 0, 0, 0, 0, 0, 0, 0, -1, -4
"c:\Users\User\Documents\GitHub\cinabono-engine\packages\schema\src\shared\item\aspects.ts", "TypeScript", 0, -10, 0, 0, 0, 0, 0, 0, 0, 0, -4, -14
"c:\Users\User\Documents\GitHub\cinabono-engine\packages\schema\src\shared\item\constants.ts", "TypeScript", 0, -14, 0, 0, 0, 0, 0, 0, 0, 0, -2, -16
"c:\Users\User\Documents\GitHub\cinabono-engine\packages\schema\src\shared\item\inOutPins.ts", "TypeScript", 0, -56, 0, 0, 0, 0, 0, 0, 0, -2, -15, -73
"c:\Users\User\Documents\GitHub\cinabono-engine\packages\schema\src\shared\item\index.ts", "TypeScript", 0, -8, 0, 0, 0, 0, 0, 0, 0, 0, -1, -9
"c:\Users\User\Documents\GitHub\cinabono-engine\packages\schema\src\shared\item\inner-items.ts", "TypeScript", 0, -16, 0, 0, 0, 0, 0, 0, 0, 0, -4, -20
"c:\Users\User\Documents\GitHub\cinabono-engine\packages\schema\src\shared\item\inner-links.ts", "TypeScript", 0, -21, 0, 0, 0, 0, 0, 0, 0, 0, -6, -27
"c:\Users\User\Documents\GitHub\cinabono-engine\packages\schema\src\shared\item\meta.ts", "TypeScript", 0, -16, 0, 0, 0, 0, 0, 0, 0, 0, -4, -20
"c:\Users\User\Documents\GitHub\cinabono-engine\packages\schema\src\shared\item\options.ts", "TypeScript", 0, -16, 0, 0, 0, 0, 0, 0, 0, 0, -3, -19
"c:\Users\User\Documents\GitHub\cinabono-engine\packages\schema\src\shared\item\types.ts", "TypeScript", 0, -35, 0, 0, 0, 0, 0, 0, 0, 0, -14, -49
"c:\Users\User\Documents\GitHub\cinabono-engine\packages\schema\src\shared\maps\index.ts", "TypeScript", 0, -2, 0, 0, 0, 0, 0, 0, 0, 0, -1, -3
"c:\Users\User\Documents\GitHub\cinabono-engine\packages\schema\src\shared\maps\itemRoleMap.ts", "TypeScript", 0, -29, 0, 0, 0, 0, 0, 0, 0, 0, -3, -32
"c:\Users\User\Documents\GitHub\cinabono-engine\packages\schema\src\shared\maps\scopeKindMap.ts", "TypeScript", 0, -16, 0, 0, 0, 0, 0, 0, 0, 0, -3, -19
"c:\Users\User\Documents\GitHub\cinabono-engine\packages\schema\src\shared\shared.ts", "TypeScript", 0, -8, 0, 0, 0, 0, 0, 0, 0, 0, -2, -10
"c:\Users\User\Documents\GitHub\cinabono-engine\packages\schema\src\template\guards.ts", "TypeScript", 0, -21, 0, 0, 0, 0, 0, 0, 0, 0, -8, -29
"c:\Users\User\Documents\GitHub\cinabono-engine\packages\schema\src\template\index.ts", "TypeScript", 0, -2, 0, 0, 0, 0, 0, 0, 0, 0, -1, -3
"c:\Users\User\Documents\GitHub\cinabono-engine\packages\schema\src\template\types.ts", "TypeScript", 0, -17, 0, 0, 0, 0, 0, 0, 0, 0, -4, -21
"c:\Users\User\Documents\GitHub\cinabono-engine\packages\schema\tsconfig.json", "JSON with Comments", -11, 0, 0, 0, 0, 0, 0, 0, 0, 0, -1, -12
"c:\Users\User\Documents\GitHub\cinabono-engine\packages\simulation\package.json", "JSON", 0, 0, -41, 0, 0, 0, 0, 0, 0, 0, -1, -42
"c:\Users\User\Documents\GitHub\cinabono-engine\packages\simulation\src\__tests__\features\simEvent.ts", "TypeScript", 0, -25, 0, 0, 0, 0, 0, 0, 0, 0, -3, -28
"c:\Users\User\Documents\GitHub\cinabono-engine\packages\simulation\src\__tests__\features\types.ts", "TypeScript", 0, -8, 0, 0, 0, 0, 0, 0, 0, 0, -2, -10
"c:\Users\User\Documents\GitHub\cinabono-engine\packages\simulation\src\core\RunnerResultCollector\RunnerResultCollector.ts", "TypeScript", 0, -33, 0, 0, 0, 0, 0, 0, 0, 0, -8, -41
"c:\Users\User\Documents\GitHub\cinabono-engine\packages\simulation\src\core\RunnerResultCollector\contract.ts", "TypeScript", 0, -5, 0, 0, 0, 0, 0, 0, 0, 0, -2, -7
"c:\Users\User\Documents\GitHub\cinabono-engine\packages\simulation\src\core\RunnerResultCollector\index.ts", "TypeScript", 0, -2, 0, 0, 0, 0, 0, 0, 0, 0, -1, -3
"c:\Users\User\Documents\GitHub\cinabono-engine\packages\simulation\src\core\RunnerStats\RunnerStats.ts", "TypeScript", 0, -29, 0, 0, 0, 0, 0, 0, 0, 0, -7, -36
"c:\Users\User\Documents\GitHub\cinabono-engine\packages\simulation\src\core\RunnerStats\contract.ts", "TypeScript", 0, -7, 0, 0, 0, 0, 0, 0, 0, 0, -2, -9
"c:\Users\User\Documents\GitHub\cinabono-engine\packages\simulation\src\core\RunnerStats\index.ts", "TypeScript", 0, -2, 0, 0, 0, 0, 0, 0, 0, 0, -1, -3
"c:\Users\User\Documents\GitHub\cinabono-engine\packages\simulation\src\core\SimulationEventBus\SimulationEventBus.ts", "TypeScript", 0, -6, 0, 0, 0, 0, 0, 0, 0, 0, -3, -9
"c:\Users\User\Documents\GitHub\cinabono-engine\packages\simulation\src\core\SimulationEventBus\index.ts", "TypeScript", 0, -2, 0, 0, 0, 0, 0, 0, 0, 0, -1, -3
"c:\Users\User\Documents\GitHub\cinabono-engine\packages\simulation\src\core\SimulationEventBus\payloads.ts", "TypeScript", 0, -12, 0, 0, 0, 0, 0, 0, 0, 0, -4, -16
"c:\Users\User\Documents\GitHub\cinabono-engine\packages\simulation\src\core\SimulationRunner\SimulationRunner.ts", "TypeScript", 0, -76, 0, 0, 0, 0, 0, 0, 0, -3, -24, -103
"c:\Users\User\Documents\GitHub\cinabono-engine\packages\simulation\src\core\SimulationRunner\contract.ts", "TypeScript", 0, -13, 0, 0, 0, 0, 0, 0, 0, 0, -4, -17
"c:\Users\User\Documents\GitHub\cinabono-engine\packages\simulation\src\core\SimulationRunner\index.ts", "TypeScript", 0, -2, 0, 0, 0, 0, 0, 0, 0, 0, -1, -3
"c:\Users\User\Documents\GitHub\cinabono-engine\packages\simulation\src\core\StepSimulator\StepSimulator.ts", "TypeScript", 0, -148, 0, 0, 0, 0, 0, 0, 0, -2, -36, -186
"c:\Users\User\Documents\GitHub\cinabono-engine\packages\simulation\src\core\StepSimulator\__tests__\StepSimulator.test.ts", "TypeScript", 0, -78, 0, 0, 0, 0, 0, 0, 0, 0, -21, -99
"c:\Users\User\Documents\GitHub\cinabono-engine\packages\simulation\src\core\StepSimulator\__tests__\mocks.ts", "TypeScript", 0, -41, 0, 0, 0, 0, 0, 0, 0, -1, -7, -49
"c:\Users\User\Documents\GitHub\cinabono-engine\packages\simulation\src\core\StepSimulator\contract.ts", "TypeScript", 0, -20, 0, 0, 0, 0, 0, 0, 0, 0, -4, -24
"c:\Users\User\Documents\GitHub\cinabono-engine\packages\simulation\src\core\StepSimulator\index.ts", "TypeScript", 0, -3, 0, 0, 0, 0, 0, 0, 0, 0, -1, -4
"c:\Users\User\Documents\GitHub\cinabono-engine\packages\simulation\src\core\StepSimulator\modules\EventTimeWheel\EventTimeWheel.ts", "TypeScript", 0, -123, 0, 0, 0, 0, 0, 0, 0, -1, -31, -155
"c:\Users\User\Documents\GitHub\cinabono-engine\packages\simulation\src\core\StepSimulator\modules\EventTimeWheel\contract.ts", "TypeScript", 0, -18, 0, 0, 0, 0, 0, 0, 0, 0, -2, -20
"c:\Users\User\Documents\GitHub\cinabono-engine\packages\simulation\src\core\StepSimulator\modules\EventTimeWheel\index.ts", "TypeScript", 0, -2, 0, 0, 0, 0, 0, 0, 0, 0, -1, -3
"c:\Users\User\Documents\GitHub\cinabono-engine\packages\simulation\src\core\StepSimulator\modules\GenerationTracker\GenerationTracker.ts", "TypeScript", 0, -24, 0, 0, 0, 0, 0, 0, 0, 0, -7, -31
"c:\Users\User\Documents\GitHub\cinabono-engine\packages\simulation\src\core\StepSimulator\modules\GenerationTracker\contract.ts", "TypeScript", 0, -7, 0, 0, 0, 0, 0, 0, 0, 0, -2, -9
"c:\Users\User\Documents\GitHub\cinabono-engine\packages\simulation\src\core\StepSimulator\modules\GenerationTracker\index.ts", "TypeScript", 0, -2, 0, 0, 0, 0, 0, 0, 0, 0, -1, -3
"c:\Users\User\Documents\GitHub\cinabono-engine\packages\simulation\src\core\StepSimulator\modules\InOutHandlers\InputHandler.ts", "TypeScript", 0, -31, 0, 0, 0, 0, 0, 0, 0, 0, -12, -43
"c:\Users\User\Documents\GitHub\cinabono-engine\packages\simulation\src\core\StepSimulator\modules\InOutHandlers\OutputHandler.ts", "TypeScript", 0, -27, 0, 0, 0, 0, 0, 0, 0, 0, -11, -38
"c:\Users\User\Documents\GitHub\cinabono-engine\packages\simulation\src\core\StepSimulator\modules\InOutHandlers\contracts.ts", "TypeScript", 0, -12, 0, 0, 0, 0, 0, 0, 0, 0, -4, -16
"c:\Users\User\Documents\GitHub\cinabono-engine\packages\simulation\src\core\StepSimulator\modules\InOutHandlers\index.ts", "TypeScript", 0, -3, 0, 0, 0, 0, 0, 0, 0, 0, -1, -4
"c:\Users\User\Documents\GitHub\cinabono-engine\packages\simulation\src\core\StepSimulator\modules\PinUpdateStore\PinUpdateStore.ts", "TypeScript", 0, -25, 0, 0, 0, 0, 0, 0, 0, 0, -9, -34
"c:\Users\User\Documents\GitHub\cinabono-engine\packages\simulation\src\core\StepSimulator\modules\PinUpdateStore\contract.ts", "TypeScript", 0, -8, 0, 0, 0, 0, 0, 0, 0, 0, -3, -11
"c:\Users\User\Documents\GitHub\cinabono-engine\packages\simulation\src\core\StepSimulator\modules\PinUpdateStore\index.ts", "TypeScript", 0, -2, 0, 0, 0, 0, 0, 0, 0, 0, -1, -3
"c:\Users\User\Documents\GitHub\cinabono-engine\packages\simulation\src\core\StepSimulator\modules\__tests__\EventTimeWheel.test.ts", "TypeScript", 0, -95, 0, 0, 0, 0, 0, 0, 0, -1, -18, -114
"c:\Users\User\Documents\GitHub\cinabono-engine\packages\simulation\src\core\StepSimulator\modules\__tests__\GenerationTracker.test.ts", "TypeScript", 0, -36, 0, 0, 0, 0, 0, 0, 0, 0, -11, -47
"c:\Users\User\Documents\GitHub\cinabono-engine\packages\simulation\src\core\StepSimulator\modules\__tests__\InputHandler.test.ts", "TypeScript", 0, -79, 0, 0, 0, 0, 0, 0, 0, 0, -20, -99
"c:\Users\User\Documents\GitHub\cinabono-engine\packages\simulation\src\core\StepSimulator\modules\__tests__\OutputHandler.test.ts", "TypeScript", 0, -79, 0, 0, 0, 0, 0, 0, 0, 0, -20, -99
"c:\Users\User\Documents\GitHub\cinabono-engine\packages\simulation\src\core\StepSimulator\modules\__tests__\PinUpdateStore.test.ts", "TypeScript", 0, -28, 0, 0, 0, 0, 0, 0, 0, 0, -10, -38
"c:\Users\User\Documents\GitHub\cinabono-engine\packages\simulation\src\core\StepSimulator\modules\index.ts", "TypeScript", 0, -4, 0, 0, 0, 0, 0, 0, 0, 0, -1, -5
"c:\Users\User\Documents\GitHub\cinabono-engine\packages\simulation\src\core\index.ts", "TypeScript", 0, -5, 0, 0, 0, 0, 0, 0, 0, 0, -1, -6
"c:\Users\User\Documents\GitHub\cinabono-engine\packages\simulation\src\helpers\builders\index.ts", "TypeScript", 0, -3, 0, 0, 0, 0, 0, 0, 0, 0, -1, -4
"c:\Users\User\Documents\GitHub\cinabono-engine\packages\simulation\src\helpers\builders\makeDefaultMeta.ts", "TypeScript", 0, -8, 0, 0, 0, 0, 0, 0, 0, 0, -2, -10
"c:\Users\User\Documents\GitHub\cinabono-engine\packages\simulation\src\helpers\builders\makeDefaultResult.ts", "TypeScript", 0, -9, 0, 0, 0, 0, 0, 0, 0, 0, -2, -11
"c:\Users\User\Documents\GitHub\cinabono-engine\packages\simulation\src\helpers\builders\makeEventParams.ts", "TypeScript", 0, -23, 0, 0, 0, 0, 0, 0, 0, 0, -3, -26
"c:\Users\User\Documents\GitHub\cinabono-engine\packages\simulation\src\helpers\builders\makeRunConfig.ts", "TypeScript", 0, -8, 0, 0, 0, 0, 0, 0, 0, 0, -3, -11
"c:\Users\User\Documents\GitHub\cinabono-engine\packages\simulation\src\helpers\circuit-resolving\expandInputTargets.ts", "TypeScript", 0, -14, 0, 0, 0, 0, 0, 0, 0, 0, -4, -18
"c:\Users\User\Documents\GitHub\cinabono-engine\packages\simulation\src\helpers\circuit-resolving\index.ts", "TypeScript", 0, -6, 0, 0, 0, 0, 0, 0, 0, 0, -1, -7
"c:\Users\User\Documents\GitHub\cinabono-engine\packages\simulation\src\helpers\circuit-resolving\resolveAllReceivers.ts", "TypeScript", 0, -54, 0, 0, 0, 0, 0, 0, 0, -3, -14, -71
"c:\Users\User\Documents\GitHub\cinabono-engine\packages\simulation\src\helpers\circuit-resolving\resolveOutputDriver.ts", "TypeScript", 0, -14, 0, 0, 0, 0, 0, 0, 0, 0, -4, -18
"c:\Users\User\Documents\GitHub\cinabono-engine\packages\simulation\src\helpers\circuit-resolving\syncCircuitPinValues.ts", "TypeScript", 0, -26, 0, 0, 0, 0, 0, 0, 0, 0, -9, -35
"c:\Users\User\Documents\GitHub\cinabono-engine\packages\simulation\src\helpers\circuit-resolving\types.ts", "TypeScript", 0, -2, 0, 0, 0, 0, 0, 0, 0, 0, -2, -4
"c:\Users\User\Documents\GitHub\cinabono-engine\packages\simulation\src\helpers\index.ts", "TypeScript", 0, -3, 0, 0, 0, 0, 0, 0, 0, 0, -1, -4
"c:\Users\User\Documents\GitHub\cinabono-engine\packages\simulation\src\helpers\math\countItemDelay.ts", "TypeScript", 0, -27, 0, 0, 0, 0, 0, 0, 0, 0, -4, -31
"c:\Users\User\Documents\GitHub\cinabono-engine\packages\simulation\src\helpers\math\index.ts", "TypeScript", 0, -1, 0, 0, 0, 0, 0, 0, 0, 0, -1, -2
"c:\Users\User\Documents\GitHub\cinabono-engine\packages\simulation\src\index.ts", "TypeScript", 0, -14, 0, 0, 0, 0, 0, 0, 0, 0, -1, -15
"c:\Users\User\Documents\GitHub\cinabono-engine\packages\simulation\src\model\RunnerStats.types.ts", "TypeScript", 0, -6, 0, 0, 0, 0, 0, 0, 0, 0, -2, -8
"c:\Users\User\Documents\GitHub\cinabono-engine\packages\simulation\src\model\SimulatorRunner.types.ts", "TypeScript", 0, -30, 0, 0, 0, 0, 0, 0, 0, 0, -6, -36
"c:\Users\User\Documents\GitHub\cinabono-engine\packages\simulation\src\model\SimulatorStep.types.ts", "TypeScript", 0, -35, 0, 0, 0, 0, 0, 0, 0, -9, -13, -57
"c:\Users\User\Documents\GitHub\cinabono-engine\packages\simulation\src\model\config\index.ts", "TypeScript", 0, -2, 0, 0, 0, 0, 0, 0, 0, 0, -1, -3
"c:\Users\User\Documents\GitHub\cinabono-engine\packages\simulation\src\model\config\run.types.ts", "TypeScript", 0, -4, 0, 0, 0, 0, 0, 0, 0, 0, -1, -5
"c:\Users\User\Documents\GitHub\cinabono-engine\packages\simulation\src\model\config\setup.types.ts", "TypeScript", 0, -45, 0, 0, 0, 0, 0, 0, 0, 0, -5, -50
"c:\Users\User\Documents\GitHub\cinabono-engine\packages\simulation\src\model\index.ts", "TypeScript", 0, -4, 0, 0, 0, 0, 0, 0, 0, 0, -1, -5
"c:\Users\User\Documents\GitHub\cinabono-engine\packages\simulation\src\setup.ts", "TypeScript", 0, -36, 0, 0, 0, 0, 0, 0, 0, 0, -12, -48
"c:\Users\User\Documents\GitHub\cinabono-engine\packages\simulation\tsconfig.build.json", "JSON", 0, 0, -14, 0, 0, 0, 0, 0, 0, 0, -1, -15
"c:\Users\User\Documents\GitHub\cinabono-engine\packages\simulation\tsconfig.json", "JSON with Comments", -14, 0, 0, 0, 0, 0, 0, 0, 0, 0, -1, -15
"c:\Users\User\Documents\GitHub\cinabono-engine\packages\simulation\vitest.config.ts", "TypeScript", 0, -9, 0, 0, 0, 0, 0, 0, 0, 0, -2, -11
"c:\Users\User\Documents\GitHub\cinabono-engine\packages\typescript-config\base.json", "JSON", 0, 0, -21, 0, 0, 0, 0, 0, 0, 0, -1, -22
"c:\Users\User\Documents\GitHub\cinabono-engine\packages\typescript-config\package.json", "JSON", 0, 0, -9, 0, 0, 0, 0, 0, 0, 0, -1, -10
"c:\Users\User\Documents\GitHub\cinabono-engine\packages\utils\package.json", "JSON", 0, 0, -34, 0, 0, 0, 0, 0, 0, 0, -1, -35
"c:\Users\User\Documents\GitHub\cinabono-engine\packages\utils\src\array.ts", "TypeScript", 0, -35, 0, 0, 0, 0, 0, 0, 0, 0, -9, -44
"c:\Users\User\Documents\GitHub\cinabono-engine\packages\utils\src\async\batchProcess.ts", "TypeScript", 0, -46, 0, 0, 0, 0, 0, 0, 0, 0, -12, -58
"c:\Users\User\Documents\GitHub\cinabono-engine\packages\utils\src\async\defer.ts", "TypeScript", 0, -3, 0, 0, 0, 0, 0, 0, 0, 0, -1, -4
"c:\Users\User\Documents\GitHub\cinabono-engine\packages\utils\src\async\index.ts", "TypeScript", 0, -3, 0, 0, 0, 0, 0, 0, 0, 0, -1, -4
"c:\Users\User\Documents\GitHub\cinabono-engine\packages\utils\src\async\loopProcess.ts", "TypeScript", 0, -30, 0, 0, 0, 0, 0, 0, 0, 0, -5, -35
"c:\Users\User\Documents\GitHub\cinabono-engine\packages\utils\src\characteristics.ts", "TypeScript", 0, -7, 0, 0, 0, 0, 0, 0, 0, 0, -1, -8
"c:\Users\User\Documents\GitHub\cinabono-engine\packages\utils\src\check.ts", "TypeScript", 0, -7, 0, 0, 0, 0, 0, 0, 0, 0, -2, -9
"c:\Users\User\Documents\GitHub\cinabono-engine\packages\utils\src\filter.ts", "TypeScript", 0, -7, 0, 0, 0, 0, 0, 0, 0, 0, -1, -8
"c:\Users\User\Documents\GitHub\cinabono-engine\packages\utils\src\index.ts", "TypeScript", 0, -9, 0, 0, 0, 0, 0, 0, 0, 0, -1, -10
"c:\Users\User\Documents\GitHub\cinabono-engine\packages\utils\src\object.ts", "TypeScript", 0, -38, 0, 0, 0, 0, 0, 0, 0, -1, -11, -50
"c:\Users\User\Documents\GitHub\cinabono-engine\packages\utils\src\tree.ts", "TypeScript", 0, -28, 0, 0, 0, 0, 0, 0, 0, -15, -6, -49
"c:\Users\User\Documents\GitHub\cinabono-engine\packages\utils\src\typization.ts", "TypeScript", 0, -1, 0, 0, 0, 0, 0, 0, 0, -2, -2, -5
"c:\Users\User\Documents\GitHub\cinabono-engine\packages\utils\src\unique.ts", "TypeScript", 0, -7, 0, 0, 0, 0, 0, 0, 0, 0, -3, -10
"c:\Users\User\Documents\GitHub\cinabono-engine\packages\utils\tsconfig.json", "JSON with Comments", -14, 0, 0, 0, 0, 0, 0, 0, 0, 0, -1, -15
"Total", "-", -131, -5039, -566, 1237, 10, 120, 157, 52, 4, -201, -1047, -5404